enemy_id,experiment_id,gen_id,gen_max,overall_max,mean,var,std
2,1,1,91.972379,91.972379,24.762873,1164.104049,34.118969
2,1,2,92.327,92.327,40.366947,1439.330883,37.938515
2,1,3,92.327,92.327,51.729158,1427.555743,37.783009
2,1,4,92.327,92.327,58.876136,1249.124622,35.342957
2,1,5,92.327,92.327,55.487925,1408.272724,37.52696
2,1,6,93.127,93.127,56.840365,1396.386247,37.368252
2,1,7,92.927,93.127,61.864826,1297.989082,36.027616
2,1,8,92.927,93.127,66.097543,1121.304804,33.48589
2,1,9,92.927,93.127,63.388394,1220.262858,34.932261
2,1,10,92.576119,93.127,62.04547,1390.113821,37.28423
2,1,11,92.486571,93.127,69.762651,1127.88153,33.583948
2,1,12,92.524826,93.127,65.40208,1091.589277,33.039208
2,1,13,92.524826,93.127,59.571942,1319.465225,36.324444
2,1,14,93.989365,93.989365,64.810784,1287.617636,35.883389
2,1,15,92.53704,93.989365,54.763354,1471.262656,38.357042
2,1,16,92.486571,93.989365,54.942446,1498.477812,38.710177
2,1,17,92.718596,93.989365,58.817813,1329.818852,36.466681
2,1,18,92.73194,93.989365,62.841247,1383.393651,37.194
2,1,19,92.73194,93.989365,62.124613,1379.025534,37.135233
2,1,20,92.73194,93.989365,65.31656,1226.926527,35.027511
2,1,21,92.718596,93.989365,62.902944,1285.611915,35.855431
2,1,22,92.58272,93.989365,57.15563,1432.168739,37.844005
2,1,23,92.576119,93.989365,60.222745,1550.528081,39.376745
2,1,24,92.58272,93.989365,60.27091,1469.458443,38.333516
2,1,25,92.58272,93.989365,62.877143,1268.007339,35.609091
2,1,26,92.576119,93.989365,65.536737,1320.11914,36.333444
2,1,27,92.500134,93.989365,64.464257,1444.582617,38.007665
2,1,28,92.576119,93.989365,59.048286,1591.281951,39.890876
2,1,29,93.127,93.989365,60.340115,1581.027877,39.762141
2,1,30,92.576119,93.989365,65.964104,1412.099021,37.577906
2,1,31,92.58272,93.989365,60.972718,1566.319779,39.576758
2,1,32,92.58272,93.989365,59.57689,1457.335691,38.175066
2,1,33,92.58272,93.989365,70.291277,1162.973164,34.102392
2,1,34,92.58272,93.989365,61.573037,1510.867865,38.869884
2,1,35,92.58272,93.989365,62.2151,1564.877259,39.55853
2,1,36,92.857666,93.989365,68.529661,1245.043756,35.285178
2,1,37,92.58272,93.989365,64.220754,1324.649895,36.39574
2,1,38,92.53704,93.989365,67.790013,1335.956109,36.550733
2,1,39,92.53704,93.989365,69.774558,1250.226047,35.358536
2,1,40,92.53704,93.989365,62.29729,1482.233276,38.499783
2,1,41,92.53704,93.989365,72.249236,1137.636935,33.728874
2,1,42,92.379644,93.989365,63.089901,1531.855061,39.13892
2,1,43,92.379644,93.989365,70.156652,1277.549266,35.742821
2,1,44,92.327,93.989365,70.421883,1358.438508,36.857001
2,1,45,92.770654,93.989365,65.814326,1590.838379,39.885315
2,1,46,92.770654,93.989365,62.709265,1505.607588,38.80216
2,1,47,93.727,93.989365,66.066692,1379.767685,37.145224
2,1,48,93.727,93.989365,63.34338,1611.519116,40.143731
2,1,49,93.327,93.989365,66.624864,1406.793365,37.507244
2,1,50,93.327,93.989365,71.156616,1078.368872,32.838527
2,2,1,92.53704,92.53704,23.439516,1138.47744,33.741331
2,2,2,92.127,92.53704,52.209122,1267.030324,35.595369
2,2,3,92.372379,92.53704,52.429993,1452.241965,38.108293
2,2,4,92.572379,92.572379,57.874721,1438.988446,37.934001
2,2,5,92.527,92.572379,67.388051,1106.853566,33.269409
2,2,6,92.363558,92.572379,57.795783,1425.14709,37.75112
2,2,7,92.13704,92.572379,62.505167,1471.447534,38.359452
2,2,8,92.127,92.572379,67.766729,1339.149056,36.594386
2,2,9,93.127,93.127,74.111306,1017.627563,31.900275
2,2,10,93.127,93.127,62.778686,1444.276543,38.003639
2,2,11,92.53704,93.127,61.912096,1613.546165,40.16897
2,2,12,92.53704,93.127,63.779082,1481.694104,38.49278
2,2,13,93.727,93.727,62.442057,1602.041512,40.025511
2,2,14,93.727,93.727,60.518575,1534.721578,39.175523
2,2,15,93.727,93.727,59.292094,1482.299906,38.500648
2,2,16,93.727,93.727,66.45789,1337.674114,36.574227
2,2,17,91.772379,93.727,74.464569,962.562212,31.025187
2,2,18,91.84704,93.727,64.3806,1596.379657,39.95472
2,2,19,92.718596,93.727,60.857146,1630.081273,40.374265
2,2,20,92.718596,93.727,71.149283,1098.749011,33.147383
2,2,21,92.718596,93.727,66.094062,1332.523684,36.503749
2,2,22,92.718596,93.727,61.712498,1493.964418,38.651836
2,2,23,92.770654,93.727,63.764287,1404.82759,37.48103
2,2,24,93.727,93.727,69.85167,1192.909249,34.538518
2,2,25,93.727,93.727,63.999958,1476.324055,38.422963
2,2,26,93.727,93.727,60.280874,1576.46039,39.704665
2,2,27,92.53704,93.727,70.907919,1185.276232,34.427841
2,2,28,93.727,93.727,67.394121,1465.938579,38.287577
2,2,29,92.73194,93.727,70.934949,1141.294753,33.783054
2,2,30,92.13704,93.727,72.437386,1165.06398,34.133034
2,2,31,92.13704,93.727,62.676166,1713.727767,41.397195
2,2,32,92.53704,93.727,71.729021,1260.431343,35.502554
2,2,33,92.73194,93.727,68.581854,1195.624909,34.577809
2,2,34,92.73194,93.727,63.813252,1445.290829,38.016981
2,2,35,92.927,93.727,67.65908,1343.920331,36.659519
2,2,36,92.927,93.727,63.043037,1368.13576,36.988319
2,2,37,92.572379,93.727,63.309044,1541.193744,39.258041
2,2,38,92.77505,93.727,69.439717,1188.971086,34.48146
2,2,39,92.53704,93.727,65.033758,1308.309047,36.170555
2,2,40,92.572379,93.727,73.732458,1139.764597,33.7604
2,2,41,92.500134,93.727,67.296203,1357.50687,36.84436
2,2,42,92.776119,93.727,66.243483,1366.8746,36.971267
2,2,43,92.776119,93.727,72.988406,1204.929398,34.712093
2,2,44,92.44704,93.727,61.733077,1500.529025,38.736663
2,2,45,92.372379,93.727,70.794031,1120.885719,33.479631
2,2,46,92.572379,93.727,78.028211,849.898823,29.153024
2,2,47,92.58272,93.727,59.677428,1581.850511,39.772484
2,2,48,92.50625,93.727,67.768335,1285.695882,35.856602
2,2,49,92.576119,93.727,71.259325,1194.026769,34.554692
2,2,50,92.601503,93.727,65.716552,1485.638648,38.543983
2,3,1,92.33704,92.33704,21.866613,943.014835,30.708547
2,3,2,91.772379,92.33704,41.806454,1303.303687,36.101298
2,3,3,92.524826,92.524826,56.992958,1369.372488,37.005033
2,3,4,92.563558,92.563558,67.56145,1023.431514,31.991116
2,3,5,92.58272,92.58272,60.013375,1405.805123,37.494068
2,3,6,92.58272,92.58272,64.733584,1376.137993,37.096334
2,3,7,92.58272,92.58272,60.321943,1481.884296,38.49525
2,3,8,92.927,92.927,68.036722,1263.46253,35.545218
2,3,9,92.927,92.927,61.685834,1389.283441,37.273093
2,3,10,92.58272,92.927,59.787197,1542.099531,39.269575
2,3,11,92.53704,92.927,64.812817,1452.515416,38.11188
2,3,12,92.718596,92.927,68.90546,1274.411989,35.698907
2,3,13,92.379644,92.927,66.552536,1389.218059,37.272216
2,3,14,92.690612,92.927,65.803956,1368.322734,36.990847
2,3,15,92.690612,92.927,64.693459,1362.836807,36.91662
2,3,16,92.690612,92.927,67.033056,1198.381258,34.617644
2,3,17,92.776119,92.927,61.008327,1431.655783,37.837227
2,3,18,92.776119,92.927,60.798121,1498.254891,38.707298
2,3,19,92.776119,92.927,59.474392,1588.171572,39.85187
2,3,20,92.776119,92.927,64.06428,1382.249779,37.17862
2,3,21,92.776119,92.927,63.989071,1522.277682,39.016377
2,3,22,92.776119,92.927,65.699712,1349.35179,36.733524
2,3,23,92.500134,92.927,60.346366,1593.904554,39.923734
2,3,24,93.235214,93.235214,71.318424,1215.70118,34.866907
2,3,25,93.235214,93.235214,64.882003,1373.896848,37.066115
2,3,26,93.235214,93.235214,71.472145,1226.203057,35.017182
2,3,27,93.235214,93.235214,61.302934,1520.229001,38.990114
2,3,28,92.24704,93.235214,64.613897,1430.141241,37.817208
2,3,29,92.927,93.235214,67.376648,1348.986046,36.728545
2,3,30,92.927,93.235214,70.898832,1252.900851,35.39634
2,3,31,92.927,93.235214,66.901138,1442.428264,37.979314
2,3,32,92.13704,93.235214,72.398443,1212.80494,34.825349
2,3,33,92.568788,93.235214,72.470738,1113.914688,33.37536
2,3,34,91.84704,93.235214,68.344605,1387.230868,37.245548
2,3,35,93.327,93.327,63.743401,1525.829817,39.061872
2,3,36,92.327,93.327,67.223418,1400.269487,37.420175
2,3,37,92.327,93.327,69.349782,1347.613141,36.709851
2,3,38,92.727,93.327,70.490943,1326.924897,36.42698
2,3,39,92.327,93.327,64.745763,1552.517988,39.402005
2,3,40,92.531096,93.327,73.302007,1039.300697,32.238187
2,3,41,92.531096,93.327,68.335523,1387.896263,37.25448
2,3,42,92.531096,93.327,67.459946,1275.060525,35.70799
2,3,43,93.727,93.727,62.20753,1652.561081,40.651705
2,3,44,91.93704,93.727,62.126621,1614.934319,40.186245
2,3,45,92.53704,93.727,69.583926,1346.802318,36.698805
2,3,46,92.772379,93.727,63.771735,1578.300077,39.727825
2,3,47,93.127,93.727,68.722082,1341.721555,36.629518
2,3,48,92.772379,93.727,70.598091,1351.720457,36.765751
2,3,49,92.772379,93.727,64.488523,1500.484827,38.736092
2,3,50,92.772379,93.727,67.834661,1365.844806,36.957338
2,4,1,91.772379,91.772379,19.094045,849.814848,29.151584
2,4,2,92.862462,92.862462,43.057567,1176.011523,34.293024
2,4,3,93.127,93.127,47.437916,1508.853522,38.843964
2,4,4,92.13704,93.127,52.32734,1428.01626,37.789102
2,4,5,92.500134,93.127,57.104099,1519.174597,38.97659
2,4,6,92.727,93.127,57.425255,1527.496464,39.083199
2,4,7,92.727,93.127,58.815396,1489.50611,38.59412
2,4,8,92.727,93.127,61.767363,1338.433737,36.584611
2,4,9,92.531096,93.127,63.880002,1205.277125,34.717101
2,4,10,92.58272,93.127,55.788994,1441.357359,37.965212
2,4,11,92.58272,93.127,59.112493,1259.9815,35.496218
2,4,12,92.93194,93.127,57.383174,1530.755587,39.124872
2,4,13,92.93194,93.127,68.620863,1273.851666,35.691059
2,4,14,92.53704,93.127,74.087961,941.872034,30.689934
2,4,15,92.13704,93.127,58.420922,1559.968219,39.496433
2,4,16,92.262462,93.127,65.812877,1244.892752,35.283038
2,4,17,93.527,93.527,66.532395,1324.83464,36.398278
2,4,18,92.53704,93.527,62.640474,1444.397494,38.00523
2,4,19,92.53704,93.527,58.527173,1572.959485,39.660553
2,4,20,92.53704,93.527,75.528991,982.765131,31.349085
2,4,21,93.527,93.527,72.36463,1228.998284,35.057072
2,4,22,93.527,93.527,61.089563,1528.864233,39.100694
2,4,23,92.44704,93.527,66.536183,1291.953155,35.94375
2,4,24,92.527,93.527,68.081144,1330.13732,36.471048
2,4,25,92.572379,93.527,61.869148,1514.888718,38.921571
2,4,26,92.635214,93.527,60.026693,1623.354446,40.290873
2,4,27,92.927,93.527,64.965383,1397.752433,37.386527
2,4,28,92.927,93.527,61.384889,1518.310114,38.965499
2,4,29,92.927,93.527,55.418138,1749.455685,41.826495
2,4,30,92.927,93.527,63.937865,1314.929232,36.261953
2,4,31,92.927,93.527,64.921141,1394.441814,37.342226
2,4,32,92.927,93.527,70.488069,1285.870429,35.859036
2,4,33,93.527,93.527,63.36081,1589.041779,39.862787
2,4,34,93.127,93.527,62.682903,1486.642669,38.557005
2,4,35,93.127,93.527,61.521589,1474.418868,38.398162
2,4,36,93.127,93.527,72.532852,1145.636799,33.847257
2,4,37,93.127,93.527,68.793169,1379.892162,37.1469
2,4,38,92.927,93.527,67.869414,1407.556432,37.517415
2,4,39,92.927,93.527,59.900218,1631.169581,40.38774
2,4,40,92.927,93.527,61.163402,1530.952706,39.127391
2,4,41,93.527,93.527,67.612193,1253.040619,35.398314
2,4,42,93.527,93.527,67.144849,1464.053129,38.262947
2,4,43,92.500134,93.527,73.519274,994.649386,31.538062
2,4,44,92.500134,93.527,59.738098,1538.220186,39.22015
2,4,45,92.500134,93.527,69.993818,1257.319125,35.458696
2,4,46,92.53704,93.527,61.85638,1592.857081,39.910614
2,4,47,92.512404,93.527,62.195263,1520.756383,38.996877
2,4,48,92.512404,93.527,63.22707,1465.868809,38.286666
2,4,49,92.512404,93.527,61.497784,1452.928848,38.117304
2,4,50,92.512404,93.527,63.806724,1381.994691,37.175189
2,5,1,91.772379,91.772379,18.200334,964.531477,31.056907
2,5,2,92.372379,92.372379,33.768139,1325.320754,36.404955
2,5,3,92.750144,92.750144,47.394012,1427.225703,37.778641
2,5,4,92.750144,92.750144,51.231382,1305.055463,36.125551
2,5,5,92.750144,92.750144,58.103728,1388.420418,37.261514
2,5,6,93.527,93.527,61.968467,1392.358334,37.314318
2,5,7,93.527,93.527,62.539657,1083.559604,32.917467
2,5,8,93.527,93.527,62.923561,1343.451548,36.653125
2,5,9,92.372379,93.527,63.217408,1144.405295,33.82906
2,5,10,92.789365,93.527,71.773181,974.279588,31.213452
2,5,11,93.527,93.527,59.466421,1162.389301,34.093831
2,5,12,93.527,93.527,68.775269,987.749845,31.428488
2,5,13,92.390227,93.527,69.695494,1321.378926,36.350776
2,5,14,92.390227,93.527,66.758824,1388.680739,37.265007
2,5,15,92.390227,93.527,68.357006,1047.654179,32.367486
2,5,16,92.476888,93.527,65.454126,1001.133888,31.6407
2,5,17,92.754818,93.527,62.843227,979.095673,31.290505
2,5,18,92.521681,93.527,60.316489,1352.633853,36.778171
2,5,19,92.859392,93.527,62.535236,1392.345042,37.31414
2,5,20,92.859392,93.527,60.503354,1344.110234,36.662109
2,5,21,92.790673,93.527,63.50596,1333.95499,36.523349
2,5,22,92.881413,93.527,60.503879,1129.795443,33.61243
2,5,23,92.881413,93.527,67.466717,1112.320331,33.351467
2,5,24,93.129295,93.527,62.164851,1186.671977,34.448106
2,5,25,92.715631,93.527,58.593452,1225.387775,35.005539
2,5,26,92.715631,93.527,60.548582,1250.772725,35.366265
2,5,27,92.715631,93.527,63.557155,1005.589471,31.711031
2,5,28,92.715631,93.527,67.748783,1201.50203,34.662689
2,5,29,92.715631,93.527,61.613347,1376.84249,37.105828
2,5,30,93.259932,93.527,65.580006,1335.756893,36.548008
2,5,31,93.259932,93.527,59.727553,1376.843679,37.105844
2,5,32,93.259932,93.527,68.107976,1146.284088,33.856817
2,5,33,93.259932,93.527,63.4533,1219.004804,34.914249
2,5,34,92.877693,93.527,64.833708,1279.89577,35.775631
2,5,35,92.603193,93.527,64.934831,1232.545539,35.107628
2,5,36,92.603193,93.527,59.070538,1165.161838,34.134467
2,5,37,92.621036,93.527,61.342732,1013.152375,31.830055
2,5,38,92.621036,93.527,68.008402,1206.676239,34.737246
2,5,39,92.621036,93.527,66.884532,1396.811391,37.37394
2,5,40,92.621036,93.527,62.739332,1300.591699,36.063717
2,5,41,92.5911,93.527,63.186819,1397.191848,37.37903
2,5,42,92.5911,93.527,68.102654,1134.024782,33.675284
2,5,43,92.5911,93.527,60.533428,1238.947812,35.19869
2,5,44,92.906034,93.527,62.539675,1273.116002,35.680751
2,5,45,92.906034,93.527,64.862988,1247.728884,35.323206
2,5,46,92.950661,93.527,70.81186,1286.270916,35.864619
2,5,47,92.950661,93.527,58.109549,1277.422154,35.741043
2,5,48,92.950661,93.527,68.794877,1347.51364,36.708495
2,5,49,93.406768,93.527,62.70232,1207.12048,34.743639
2,5,50,93.439769,93.527,62.419492,1010.08066,31.781766
2,6,1,91.772379,91.772379,24.33084,1121.677756,33.491458
2,6,2,92.33704,92.33704,51.944641,1434.611908,37.876271
2,6,3,92.58272,92.58272,48.664797,1492.255215,38.629719
2,6,4,92.531096,92.58272,52.583892,1293.256397,35.961874
2,6,5,92.531096,92.58272,56.997033,1453.552854,38.125488
2,6,6,92.531096,92.58272,57.233099,1406.214441,37.499526
2,6,7,92.531096,92.58272,62.195166,1366.412171,36.965013
2,6,8,92.531096,92.58272,59.167221,1482.537457,38.503733
2,6,9,93.04704,93.04704,62.493164,1355.079142,36.8114
2,6,10,93.04704,93.04704,66.815137,1250.814691,35.366859
2,6,11,93.04704,93.04704,62.204142,1297.668991,36.023173
2,6,12,93.04704,93.04704,67.33857,1315.642789,36.271791
2,6,13,92.927,93.04704,63.011356,1482.526011,38.503584
2,6,14,93.527,93.527,65.077789,1384.897177,37.214207
2,6,15,93.527,93.527,61.951172,1584.329701,39.803639
2,6,16,92.368891,93.527,62.877938,1481.398145,38.488935
2,6,17,92.385064,93.527,66.488393,1285.054687,35.847659
2,6,18,92.518596,93.527,65.729333,1387.472666,37.248794
2,6,19,92.53704,93.527,66.695874,1290.635757,35.925419
2,6,20,92.53704,93.527,65.110813,1508.040012,38.833491
2,6,21,93.527,93.527,66.12392,1501.687031,38.751607
2,6,22,93.527,93.527,61.626236,1624.057324,40.299595
2,6,23,92.53704,93.527,69.23115,1307.034509,36.152932
2,6,24,93.727,93.727,64.125692,1575.271871,39.689695
2,6,25,93.727,93.727,67.974351,1443.428885,37.992485
2,6,26,93.727,93.727,65.659424,1358.302126,36.855151
2,6,27,93.727,93.727,51.652547,1543.147447,39.282915
2,6,28,93.327,93.727,67.943934,1181.095502,34.36707
2,6,29,93.327,93.727,63.424617,1524.127444,39.040075
2,6,30,93.727,93.727,55.438054,1688.204234,41.087763
2,6,31,93.727,93.727,65.156501,1425.472795,37.755434
2,6,32,92.24704,93.727,67.759232,1406.490879,37.503212
2,6,33,92.24704,93.727,69.829059,1378.171123,37.123727
2,6,34,92.327,93.727,61.900599,1506.959322,38.819574
2,6,35,92.494055,93.727,69.495823,1346.162543,36.690088
2,6,36,92.494055,93.727,69.021975,1349.146504,36.73073
2,6,37,92.494055,93.727,68.536863,1304.019251,36.111207
2,6,38,92.494055,93.727,68.31756,1502.175299,38.757906
2,6,39,93.327,93.727,67.47354,1450.313152,38.082977
2,6,40,93.327,93.727,69.205107,1363.44517,36.924858
2,6,41,93.127,93.727,66.397153,1473.252928,38.382977
2,6,42,92.527,93.727,79.434182,737.158525,27.150663
2,6,43,93.527,93.727,66.654777,1458.098463,38.185055
2,6,44,92.53704,93.727,66.017645,1355.294989,36.814331
2,6,45,92.53704,93.727,64.454158,1574.441842,39.679237
2,6,46,92.572379,93.727,71.537362,1131.467582,33.637295
2,6,47,92.53704,93.727,70.800411,1227.825701,35.040344
2,6,48,92.563558,93.727,69.307865,1254.347571,35.41677
2,6,49,93.127,93.727,62.431225,1577.038566,39.711945
2,6,50,93.127,93.727,71.740859,1271.097586,35.652456
2,7,1,91.772379,91.772379,22.370016,1144.186784,33.82583
2,7,2,92.776119,92.776119,40.293407,1466.525706,38.295244
2,7,3,92.172379,92.776119,46.918791,1546.038233,39.319693
2,7,4,92.44704,92.776119,64.30534,1188.850433,34.47971
2,7,5,92.500134,92.776119,59.315209,1399.439862,37.409088
2,7,6,92.500134,92.776119,65.249603,1342.627725,36.641885
2,7,7,93.727,93.727,65.125907,1457.56267,38.178039
2,7,8,92.73194,93.727,64.421474,1396.694194,37.372372
2,7,9,92.727,93.727,61.517678,1413.881865,37.601621
2,7,10,92.527,93.727,68.804287,1302.820227,36.094601
2,7,11,92.527,93.727,62.861764,1577.941444,39.723311
2,7,12,92.527,93.727,68.761029,1203.988571,34.698538
2,7,13,92.58272,93.727,69.941582,1241.982228,35.241768
2,7,14,92.58272,93.727,63.218949,1439.243928,37.937368
2,7,15,92.576119,93.727,60.855708,1619.639944,40.244751
2,7,16,92.512404,93.727,66.979592,1252.403286,35.38931
2,7,17,92.73194,93.727,61.115957,1525.125915,39.052861
2,7,18,93.727,93.727,69.310687,1349.708447,36.738378
2,7,19,93.727,93.727,69.975021,1259.51675,35.489671
2,7,20,93.727,93.727,67.828668,1282.090396,35.80629
2,7,21,93.727,93.727,63.190243,1545.384939,39.311384
2,7,22,92.927,93.727,72.087664,1094.788373,33.087586
2,7,23,92.927,93.727,67.087477,1399.427926,37.408928
2,7,24,93.13194,93.727,69.584111,1241.715016,35.237977
2,7,25,92.385064,93.727,72.673539,1116.140144,33.408684
2,7,26,92.500134,93.727,68.862608,1234.97782,35.142251
2,7,27,92.500134,93.727,63.619658,1537.684392,39.213319
2,7,28,92.53704,93.727,60.964984,1597.716194,39.971442
2,7,29,92.53704,93.727,65.581657,1483.778717,38.519848
2,7,30,92.53704,93.727,66.990069,1432.393189,37.846971
2,7,31,93.127,93.727,71.154505,1238.362199,35.190371
2,7,32,93.127,93.727,65.146564,1345.518147,36.681305
2,7,33,93.127,93.727,67.701842,1437.199714,37.910417
2,7,34,93.527,93.727,69.195512,1405.669789,37.492263
2,7,35,93.527,93.727,65.742997,1387.081056,37.243537
2,7,36,92.53704,93.727,65.726439,1478.986278,38.457591
2,7,37,93.700134,93.727,67.219165,1339.765996,36.602814
2,7,38,91.972379,93.727,62.59751,1503.470987,38.774618
2,7,39,92.24704,93.727,68.615811,1260.651245,35.505651
2,7,40,92.24704,93.727,61.281845,1599.118906,39.988985
2,7,41,93.327,93.727,61.559644,1472.414248,38.37205
2,7,42,93.327,93.727,69.177464,981.344025,31.326411
2,7,43,93.327,93.727,58.648457,1404.577294,37.477691
2,7,44,92.862462,93.727,59.377329,1574.550873,39.680611
2,7,45,92.862462,93.727,65.824314,1334.327054,36.528442
2,7,46,93.127,93.727,65.818245,1360.061833,36.879016
2,7,47,93.127,93.727,64.083806,1562.968134,39.534392
2,7,48,93.127,93.727,68.995361,1304.209478,36.113841
2,7,49,92.572379,93.727,65.521287,1609.460648,40.118084
2,7,50,92.572379,93.727,64.36999,1559.366817,39.488819
2,8,1,92.576119,92.576119,17.497181,851.035648,29.172515
2,8,2,92.531096,92.576119,33.802624,1068.243866,32.684
2,8,3,91.876036,92.576119,46.355299,1436.404411,37.899926
2,8,4,92.379644,92.576119,53.932255,1323.001522,36.373088
2,8,5,92.531096,92.576119,55.235908,1439.61439,37.942251
2,8,6,92.090612,92.576119,59.298873,1290.055197,35.917338
2,8,7,91.972379,92.576119,63.536837,1288.294104,35.892814
2,8,8,92.512404,92.576119,65.910847,1200.049186,34.641726
2,8,9,92.58272,92.58272,59.998619,1347.601134,36.709687
2,8,10,92.58272,92.58272,57.314288,1314.637869,36.257935
2,8,11,92.58272,92.58272,56.82533,1528.204107,39.092251
2,8,12,92.576119,92.58272,54.242587,1409.823419,37.547615
2,8,13,92.576119,92.58272,62.019597,1240.880125,35.226128
2,8,14,92.58272,92.58272,57.579064,1496.614366,38.6861
2,8,15,93.04704,93.04704,63.329921,1381.08988,37.163018
2,8,16,93.04704,93.04704,65.649468,1266.857006,35.592935
2,8,17,93.04704,93.04704,65.492888,1265.438185,35.572998
2,8,18,93.04704,93.04704,57.461014,1435.255004,37.88476
2,8,19,92.776119,93.04704,60.625324,1335.095593,36.53896
2,8,20,92.718596,93.04704,59.072509,1469.569024,38.334958
2,8,21,92.718596,93.04704,62.64688,1458.105804,38.185152
2,8,22,92.718596,93.04704,67.705463,1357.981106,36.850795
2,8,23,92.718596,93.04704,66.527524,1338.687044,36.588072
2,8,24,92.718596,93.04704,53.90948,1532.21169,39.143476
2,8,25,92.776119,93.04704,60.548422,1460.740284,38.219632
2,8,26,93.127,93.127,64.111278,1452.504715,38.11174
2,8,27,93.389365,93.389365,60.482237,1438.328252,37.925298
2,8,28,93.04704,93.389365,60.608663,1454.960361,38.143943
2,8,29,93.04704,93.389365,56.65905,1359.538477,36.87192
2,8,30,93.98272,93.98272,65.882442,1285.243866,35.850298
2,8,31,93.98272,93.98272,57.315879,1479.277947,38.461383
2,8,32,93.98272,93.98272,65.663912,1220.914513,34.941587
2,8,33,93.98272,93.98272,69.83273,1212.526981,34.821358
2,8,34,93.527,93.98272,61.133406,1402.600569,37.451309
2,8,35,93.527,93.98272,60.540065,1300.917016,36.068227
2,8,36,92.53194,93.98272,54.987744,1578.117589,39.725528
2,8,37,92.53194,93.98272,63.465213,1321.850137,36.357257
2,8,38,92.688012,93.98272,58.279133,1422.039924,37.709945
2,8,39,92.688012,93.98272,64.464014,1326.605992,36.422603
2,8,40,92.688012,93.98272,70.542234,1230.36736,35.076593
2,8,41,92.736168,93.98272,68.217231,1290.799777,35.927702
2,8,42,92.736168,93.98272,68.529919,1325.179098,36.403009
2,8,43,92.736168,93.98272,64.631957,1431.602158,37.836519
2,8,44,92.736168,93.98272,66.380289,1271.219083,35.654159
2,8,45,92.736168,93.98272,61.786195,1557.706329,39.467788
2,8,46,93.127,93.98272,63.268438,1440.433971,37.95305
2,8,47,93.127,93.98272,59.484365,1362.554821,36.9128
2,8,48,93.127,93.98272,61.874465,1306.062912,36.139492
2,8,49,93.127,93.98272,67.44048,1259.540683,35.490008
2,8,50,92.53704,93.98272,56.945542,1647.456979,40.588878
2,9,1,92.33704,92.33704,18.65161,887.649659,29.79345
2,9,2,93.527,93.527,37.615878,1512.065786,38.88529
2,9,3,93.527,93.527,49.863869,1388.053386,37.256588
2,9,4,92.58272,93.527,48.950313,1523.016729,39.025847
2,9,5,92.58272,93.527,57.208832,1379.050405,37.135568
2,9,6,92.718596,93.527,55.790188,1617.542409,40.218682
2,9,7,92.718596,93.527,62.172051,1282.455432,35.811387
2,9,8,92.53704,93.527,59.621487,1455.812094,38.155106
2,9,9,92.53704,93.527,68.999123,1273.281141,35.683065
2,9,10,92.93194,93.527,72.876833,928.178198,30.466017
2,9,11,92.93194,93.527,60.434235,1612.449447,40.155317
2,9,12,92.576119,93.527,61.119244,1436.650542,37.903173
2,9,13,92.53704,93.527,62.918388,1377.84168,37.11929
2,9,14,92.53704,93.527,75.746794,784.95456,28.017041
2,9,15,92.53704,93.527,66.37303,1335.176069,36.540061
2,9,16,92.73194,93.527,66.694026,1421.963168,37.708927
2,9,17,93.527,93.527,58.794113,1587.949124,39.849079
2,9,18,93.527,93.527,63.991238,1373.014798,37.054214
2,9,19,92.770654,93.527,61.858664,1300.84798,36.06727
2,9,20,92.33704,93.527,59.211459,1527.937065,39.088836
2,9,21,92.53704,93.527,70.193626,1049.481034,32.395695
2,9,22,92.13704,93.527,63.603002,1508.324147,38.837149
2,9,23,92.927,93.527,62.082791,1546.388428,39.324146
2,9,24,92.927,93.527,63.738631,1399.018214,37.403452
2,9,25,93.727,93.727,63.109537,1477.905073,38.443531
2,9,26,93.727,93.727,65.24032,1375.650441,37.089762
2,9,27,93.727,93.727,65.531856,1290.358248,35.921557
2,9,28,92.53704,93.727,61.804212,1556.49725,39.452468
2,9,29,91.772379,93.727,59.896848,1527.617316,39.084745
2,9,30,91.772379,93.727,67.543158,1291.500542,35.937453
2,9,31,91.84704,93.727,70.312099,1076.094871,32.803885
2,9,32,92.801503,93.727,64.557741,1573.04986,39.661693
2,9,33,92.801503,93.727,69.684875,1304.85746,36.122811
2,9,34,92.801503,93.727,64.720579,1557.732245,39.468117
2,9,35,92.727,93.727,60.198996,1722.88308,41.507627
2,9,36,92.53704,93.727,70.640673,1157.152881,34.01695
2,9,37,92.927,93.727,65.156597,1483.364738,38.514474
2,9,38,92.927,93.727,66.060822,1453.481702,38.124555
2,9,39,92.53704,93.727,71.421474,1201.180123,34.658046
2,9,40,92.372379,93.727,67.707021,1304.9883,36.124622
2,9,41,92.53704,93.727,66.047455,1374.800273,37.078299
2,9,42,92.53704,93.727,63.58401,1579.814376,39.746879
2,9,43,92.53704,93.727,59.561927,1677.759585,40.960464
2,9,44,92.93194,93.727,61.924752,1614.164196,40.176662
2,9,45,92.93194,93.727,67.474375,1463.88308,38.260725
2,9,46,92.93194,93.727,77.235832,1014.973751,31.858653
2,9,47,92.927,93.727,67.879715,1435.276958,37.885049
2,9,48,92.927,93.727,69.701244,1359.152146,36.866681
2,9,49,92.927,93.727,65.338066,1282.137113,35.806942
2,9,50,92.972379,93.727,62.736857,1496.597801,38.685886
2,10,1,91.775982,91.775982,22.885486,1022.941373,31.983455
2,10,2,92.524826,92.524826,39.264361,1319.591475,36.326182
2,10,3,92.776119,92.776119,50.302476,1459.249274,38.200121
2,10,4,92.531096,92.776119,53.566122,1564.01916,39.547682
2,10,5,92.531096,92.776119,55.366862,1503.778362,38.778581
2,10,6,92.090612,92.776119,55.393536,1448.316643,38.056756
2,10,7,92.727,92.776119,64.585538,1154.956081,33.984645
2,10,8,92.727,92.776119,66.835231,1234.005997,35.128421
2,10,9,92.727,92.776119,61.537079,1378.144879,37.123374
2,10,10,93.727,93.727,59.865983,1370.584116,37.021401
2,10,11,93.727,93.727,64.141682,1373.758873,37.064253
2,10,12,93.727,93.727,63.970087,1446.565275,38.033739
2,10,13,93.727,93.727,62.343917,1104.722894,33.237372
2,10,14,93.727,93.727,68.72753,1377.589288,37.11589
2,10,15,92.983651,93.727,66.526773,1361.895735,36.903872
2,10,16,93.301747,93.727,59.00253,1395.471046,37.356004
2,10,17,93.393828,93.727,69.185142,1394.155028,37.338385
2,10,18,93.393828,93.727,59.639556,1156.238354,34.003505
2,10,19,92.860862,93.727,66.978339,1621.251691,40.26477
2,10,20,93.07521,93.727,69.219542,1470.10798,38.341987
2,10,21,93.587367,93.727,68.352638,1462.854783,38.247285
2,10,22,93.309876,93.727,58.900058,1456.772688,38.167692
2,10,23,92.918792,93.727,66.221059,1515.416393,38.928349
2,10,24,92.918792,93.727,59.33966,1362.401196,36.910719
2,10,25,92.918792,93.727,67.187638,1515.651896,38.931374
2,10,26,92.918792,93.727,67.5594,1181.542234,34.373569
2,10,27,93.49318,93.727,64.755147,1418.252888,37.659698
2,10,28,93.49318,93.727,59.174227,1531.856751,39.138942
2,10,29,93.49318,93.727,64.15277,1412.374321,37.581569
2,10,30,93.49318,93.727,58.677933,1512.642567,38.892706
2,10,31,93.49318,93.727,60.184652,1497.277579,38.694671
2,10,32,93.596753,93.727,58.457661,1582.3021,39.778161
2,10,33,93.596753,93.727,69.122277,1180.581499,34.359591
2,10,34,93.451847,93.727,61.137988,1248.722628,35.33727
2,10,35,93.451847,93.727,57.220434,1536.965442,39.204151
2,10,36,93.451847,93.727,59.202422,1278.60332,35.757563
2,10,37,93.451847,93.727,60.060948,1143.050192,33.809025
2,10,38,93.451847,93.727,59.098692,1372.288672,37.044415
2,10,39,93.451847,93.727,58.854218,1614.44623,40.180172
2,10,40,93.451847,93.727,65.228651,1207.762864,34.752883
2,10,41,93.104331,93.727,57.601769,1532.463097,39.146687
2,10,42,93.104331,93.727,65.068245,1165.089722,34.133411
2,10,43,93.104331,93.727,64.223826,1373.503703,37.060811
2,10,44,93.104331,93.727,67.289212,1201.452507,34.661975
2,10,45,93.104331,93.727,64.150847,1193.024179,34.540182
2,10,46,93.104331,93.727,57.545705,1337.988745,36.578528
2,10,47,93.537453,93.727,68.825155,1537.515911,39.211171
2,10,48,93.537453,93.727,62.130936,1188.01129,34.46754
2,10,49,93.537453,93.727,68.105644,1248.603522,35.335584
2,10,50,93.028683,93.727,62.047338,1422.573667,37.717021
3,1,1,56.773463,56.773463,7.427068,161.780517,12.719297
3,1,2,65.773463,65.773463,13.46974,259.04272,16.094804
3,1,3,65.773463,65.773463,24.535716,384.306249,19.60373
3,1,4,74.783394,74.783394,25.771773,548.252544,23.414793
3,1,5,74.886318,74.886318,32.382392,686.36629,26.198593
3,1,6,84.154995,84.154995,36.208695,607.192832,24.641283
3,1,7,87.19141,87.19141,36.899637,555.55242,23.57016
3,1,8,87.39141,87.39141,35.955041,723.347059,26.895112
3,1,9,87.39141,87.39141,36.070329,694.57953,26.354877
3,1,10,87.39141,87.39141,40.386859,753.429427,27.448669
3,1,11,87.39141,87.39141,40.921039,785.947125,28.034749
3,1,12,87.79141,87.79141,44.432856,803.964285,28.354264
3,1,13,87.79141,87.79141,38.447857,838.87662,28.963367
3,1,14,87.79141,87.79141,41.72762,924.242884,30.401363
3,1,15,87.79141,87.79141,45.821127,751.624687,27.415774
3,1,16,87.79141,87.79141,41.529318,974.259811,31.213135
3,1,17,88.393424,88.393424,47.792176,762.322231,27.610183
3,1,18,87.39141,88.393424,53.337665,758.902306,27.548182
3,1,19,87.39141,88.393424,48.250176,836.597726,28.923999
3,1,20,87.39141,88.393424,43.808239,976.589499,31.250432
3,1,21,87.411736,88.393424,54.375426,861.188461,29.346013
3,1,22,88.211736,88.393424,52.168101,1209.047921,34.771366
3,1,23,87.411736,88.393424,53.697656,1053.817183,32.46255
3,1,24,87.59141,88.393424,47.55919,1081.716555,32.88946
3,1,25,87.59141,88.393424,50.361969,931.039257,30.512936
3,1,26,87.611736,88.393424,49.642082,962.516578,31.024451
3,1,27,87.611736,88.393424,52.149299,1007.744781,31.744996
3,1,28,87.611736,88.393424,51.317781,1139.045717,33.749751
3,1,29,87.593424,88.393424,56.688593,838.713976,28.960559
3,1,30,87.59141,88.393424,55.186782,1002.328557,31.659573
3,1,31,87.611736,88.393424,52.018333,1004.298786,31.690673
3,1,32,87.59141,88.393424,49.92333,991.763243,31.492273
3,1,33,87.59141,88.393424,49.574679,1125.192734,33.543893
3,1,34,87.59141,88.393424,48.71401,1046.32892,32.347008
3,1,35,87.411736,88.393424,52.601324,1052.78215,32.446605
3,1,36,87.411736,88.393424,55.847612,1003.11316,31.671962
3,1,37,87.411736,88.393424,54.352916,1152.161802,33.943509
3,1,38,87.411736,88.393424,50.498434,1190.036226,34.496902
3,1,39,87.411736,88.393424,47.285912,1340.914912,36.618505
3,1,40,87.697441,88.393424,51.754908,1326.104198,36.415714
3,1,41,87.411736,88.393424,51.14461,1290.791205,35.927583
3,1,42,87.411736,88.393424,58.238314,1141.205507,33.781733
3,1,43,87.411736,88.393424,53.181322,1292.497568,35.951322
3,1,44,87.786285,88.393424,47.498384,1240.660877,35.223016
3,1,45,87.411736,88.393424,61.117711,895.91771,29.931885
3,1,46,87.411736,88.393424,53.180106,1212.937259,34.827249
3,1,47,87.411736,88.393424,56.51844,1036.025695,32.187353
3,1,48,87.411736,88.393424,58.448609,983.467455,31.360285
3,1,49,87.411736,88.393424,53.762225,1156.817466,34.012019
3,1,50,87.611736,88.393424,50.523334,1219.7529,34.924961
3,2,1,65.74425,65.74425,5.984907,106.50464,10.320109
3,2,2,74.767552,74.767552,15.221617,233.737319,15.28847
3,2,3,65.74425,74.767552,20.797266,309.668797,17.597409
3,2,4,74.771489,74.771489,24.859252,387.218839,19.677877
3,2,5,83.993424,83.993424,28.650556,431.911879,20.78249
3,2,6,74.868774,83.993424,31.944078,575.045632,23.980109
3,2,7,83.99141,83.993424,40.013079,587.6889,24.242296
3,2,8,85.59141,85.59141,42.205333,605.813376,24.613276
3,2,9,85.59141,85.59141,42.731654,601.321465,24.521857
3,2,10,84.238793,85.59141,44.837575,671.304155,25.909538
3,2,11,86.567552,86.567552,47.984887,530.21088,23.026308
3,2,12,84.238793,86.567552,40.937872,808.63282,28.43647
3,2,13,84.238793,86.567552,42.387337,761.398851,27.593457
3,2,14,84.238793,86.567552,44.021685,741.483652,27.230197
3,2,15,84.238793,86.567552,44.719144,807.296562,28.412965
3,2,16,84.238793,86.567552,42.666426,748.762678,27.363528
3,2,17,87.011736,87.011736,43.755998,861.52196,29.351694
3,2,18,87.011736,87.011736,42.174072,919.324396,30.320363
3,2,19,87.19141,87.19141,49.648779,711.696266,26.677636
3,2,20,85.253671,87.19141,46.618822,814.088373,28.532234
3,2,21,85.99141,87.19141,46.57364,808.899163,28.441153
3,2,22,87.011736,87.19141,45.990149,810.62835,28.471536
3,2,23,87.193424,87.193424,49.403609,823.829537,28.702431
3,2,24,87.193424,87.193424,47.735869,942.969337,30.707806
3,2,25,87.193424,87.193424,52.528218,832.359381,28.850639
3,2,26,89.193424,89.193424,47.509072,961.738258,31.011905
3,2,27,89.193424,89.193424,35.51447,1009.122892,31.766695
3,2,28,89.393424,89.393424,37.490228,826.153682,28.742889
3,2,29,87.193424,89.393424,41.143514,904.397532,30.073203
3,2,30,87.193424,89.393424,43.359661,945.452046,30.748204
3,2,31,87.39141,89.393424,40.625167,996.794309,31.572049
3,2,32,87.593424,89.393424,41.870398,915.366253,30.25502
3,2,33,88.39141,89.393424,44.953076,736.063166,27.130484
3,2,34,88.39141,89.393424,42.210874,905.624528,30.093596
3,2,35,89.193424,89.393424,45.662102,811.062264,28.479155
3,2,36,88.993424,89.393424,45.280196,810.841869,28.475285
3,2,37,88.593424,89.393424,44.220556,1104.861329,33.239454
3,2,38,88.593424,89.393424,44.216332,1123.789882,33.522975
3,2,39,89.613791,89.613791,47.529917,1091.765559,33.041876
3,2,40,89.613791,89.613791,44.328449,1056.102693,32.497734
3,2,41,89.613791,89.613791,40.713977,1029.709155,32.089082
3,2,42,88.593424,89.613791,50.281924,1013.998679,31.843346
3,2,43,88.593424,89.613791,53.67791,1144.2712,33.827078
3,2,44,88.593424,89.613791,44.859983,1088.204617,32.987947
3,2,45,88.593424,89.613791,52.255024,1084.539258,32.932344
3,2,46,88.593424,89.613791,44.975063,938.036242,30.627377
3,2,47,88.593424,89.613791,50.600836,870.882647,29.510721
3,2,48,88.593424,89.613791,50.551378,1006.727044,31.728962
3,2,49,88.393424,89.613791,52.87234,1074.228313,32.775422
3,2,50,88.393424,89.613791,52.270269,1121.910004,33.494925
3,3,1,56.773463,56.773463,7.848878,124.311611,11.149512
3,3,2,75.372379,75.372379,18.395663,350.813886,18.730026
3,3,3,75.372379,75.372379,20.964513,494.178582,22.230128
3,3,4,75.372379,75.372379,30.137809,547.335538,23.395203
3,3,5,83.866602,83.866602,35.106291,639.157987,25.281574
3,3,6,75.372379,83.866602,39.166805,683.047808,26.135183
3,3,7,75.372379,83.866602,38.773636,790.450703,28.114955
3,3,8,75.372379,83.866602,37.445238,780.612264,27.939439
3,3,9,75.372379,83.866602,40.035968,898.642745,29.977371
3,3,10,85.013791,85.013791,49.857079,966.748077,31.092573
3,3,11,85.013791,85.013791,52.240444,979.078826,31.290235
3,3,12,85.013791,85.013791,54.848371,939.693983,30.654428
3,3,13,85.013791,85.013791,54.976384,889.669494,29.827328
3,3,14,85.013791,85.013791,52.595111,859.475185,29.316807
3,3,15,85.013791,85.013791,51.739384,906.261532,30.104178
3,3,16,87.486497,87.486497,47.789933,960.374993,30.989918
3,3,17,87.486497,87.486497,43.120521,1083.642672,32.918728
3,3,18,87.486497,87.486497,60.21381,750.038869,27.386838
3,3,19,87.486497,87.486497,56.573279,1012.915337,31.826331
3,3,20,87.486497,87.486497,52.962374,1112.019743,33.34696
3,3,21,87.486497,87.486497,51.171283,1104.575109,33.235149
3,3,22,87.866602,87.866602,60.308328,912.01664,30.199613
3,3,23,87.486497,87.866602,48.116349,1210.257068,34.788749
3,3,24,87.486497,87.866602,51.302129,1041.220193,32.267944
3,3,25,87.486497,87.866602,46.503751,1252.466195,35.390199
3,3,26,87.486497,87.866602,53.649998,1107.614913,33.280849
3,3,27,87.486497,87.866602,57.73537,1066.887316,32.663241
3,3,28,87.486497,87.866602,57.683718,1281.912963,35.803812
3,3,29,87.486497,87.866602,50.766982,1384.170725,37.204445
3,3,30,87.486497,87.866602,53.528234,1336.796333,36.562225
3,3,31,87.486497,87.866602,49.775327,1326.985147,36.427807
3,3,32,87.486497,87.866602,55.064447,1154.398483,33.97644
3,3,33,87.486497,87.866602,61.018224,1073.827511,32.769307
3,3,34,87.486497,87.866602,59.978875,1045.791338,32.338697
3,3,35,87.486497,87.866602,56.939302,1253.89778,35.410419
3,3,36,87.486497,87.866602,56.952905,1158.87275,34.04222
3,3,37,87.486497,87.866602,59.861712,1129.585763,33.609311
3,3,38,87.486497,87.866602,52.903685,1212.098424,34.815204
3,3,39,87.486497,87.866602,62.145925,932.947461,30.544189
3,3,40,87.486497,87.866602,51.888496,1310.15878,36.196116
3,3,41,87.486497,87.866602,52.222601,1203.215209,34.687393
3,3,42,87.486497,87.866602,52.108014,1230.907729,35.084295
3,3,43,87.486497,87.866602,54.937996,1040.126276,32.250989
3,3,44,87.486497,87.866602,55.995515,966.649844,31.090993
3,3,45,87.486497,87.866602,53.280538,1195.900071,34.581788
3,3,46,87.486497,87.866602,52.680502,1186.912088,34.451591
3,3,47,87.486497,87.866602,61.328425,1136.98425,33.719197
3,3,48,87.486497,87.866602,63.999592,1204.051998,34.699452
3,3,49,87.486497,87.866602,59.856134,1425.692954,37.758349
3,3,50,87.486497,87.866602,67.171521,1213.076411,34.829246
3,4,1,56.773463,56.773463,8.223866,149.522662,12.227946
3,4,2,56.773463,56.773463,16.092704,229.296527,15.14254
3,4,3,74.759724,74.759724,21.361579,354.564612,18.829886
3,4,4,74.759724,74.759724,27.840049,464.605159,21.554702
3,4,5,74.783394,74.783394,33.114123,612.34353,24.745576
3,4,6,86.011736,86.011736,40.527015,608.795987,24.673792
3,4,7,86.011736,86.011736,36.652661,679.36518,26.064635
3,4,8,86.011736,86.011736,42.890173,629.705261,25.093929
3,4,9,86.99141,86.99141,42.48656,583.615719,24.15814
3,4,10,86.011736,86.99141,41.632935,572.185043,23.92039
3,4,11,85.193424,86.99141,39.974285,703.833696,26.529864
3,4,12,85.440905,86.99141,46.22531,643.859889,25.374394
3,4,13,87.011736,87.011736,41.028442,790.241714,28.111238
3,4,14,87.011736,87.011736,41.699387,790.921309,28.123323
3,4,15,87.011736,87.011736,46.013761,721.75554,26.865508
3,4,16,87.011736,87.011736,47.787211,686.881906,26.208432
3,4,17,87.011736,87.011736,47.865688,696.009724,26.381996
3,4,18,87.193424,87.193424,45.383415,612.179305,24.742257
3,4,19,87.193424,87.193424,43.284591,629.408681,25.088019
3,4,20,87.011736,87.193424,42.603603,699.858864,26.454846
3,4,21,87.011736,87.193424,46.543526,665.613057,25.799478
3,4,22,87.011736,87.193424,49.901411,654.922062,25.591445
3,4,23,87.393424,87.393424,50.796098,805.975238,28.389703
3,4,24,87.393424,87.393424,47.239762,989.142194,31.450631
3,4,25,87.393424,87.393424,51.027582,949.668322,30.816689
3,4,26,87.393424,87.393424,49.255336,875.232686,29.584332
3,4,27,87.393424,87.393424,47.508103,1008.775059,31.761219
3,4,28,87.393424,87.393424,54.384443,1070.410359,32.717126
3,4,29,87.393424,87.393424,56.732655,1055.416377,32.487172
3,4,30,87.42619,87.42619,47.369354,1415.171751,37.618769
3,4,31,89.413791,89.413791,53.493921,1288.661631,35.897934
3,4,32,89.413791,89.413791,44.671522,1222.60972,34.965836
3,4,33,87.42619,89.413791,49.564588,1239.341053,35.204276
3,4,34,87.19141,89.413791,53.966217,1249.172215,35.34363
3,4,35,87.193424,89.413791,54.434858,1286.675355,35.870257
3,4,36,87.193424,89.413791,53.558341,1232.834782,35.111747
3,4,37,87.193424,89.413791,59.05006,1231.986662,35.099668
3,4,38,87.193424,89.413791,57.136113,1349.126507,36.730457
3,4,39,87.013791,89.413791,60.381371,1360.127726,36.87991
3,4,40,88.211736,89.413791,54.667019,1491.739468,38.623043
3,4,41,87.193424,89.413791,56.956995,1284.937748,35.846028
3,4,42,87.193424,89.413791,58.29796,1340.998376,36.619645
3,4,43,87.193424,89.413791,64.82672,1085.493781,32.946833
3,4,44,88.211736,89.413791,54.325379,1368.266479,36.990086
3,4,45,88.211736,89.413791,59.998268,1269.225215,35.626187
3,4,46,87.193424,89.413791,64.228941,1119.958795,33.465785
3,4,47,87.193424,89.413791,56.89115,1354.299798,36.800812
3,4,48,87.013791,89.413791,57.438999,1326.525053,36.421492
3,4,49,87.013791,89.413791,59.769302,1431.935288,37.840921
3,4,50,87.193424,89.413791,64.610778,1180.143983,34.353224
3,5,1,56.773463,56.773463,7.510601,121.720577,11.032705
3,5,2,74.943216,74.943216,15.134356,277.01141,16.64366
3,5,3,74.943216,74.943216,27.43521,399.298487,19.982454
3,5,4,74.943216,74.943216,27.808459,424.637768,20.606741
3,5,5,65.775442,74.943216,35.617571,508.354212,22.546712
3,5,6,65.783394,74.943216,34.818359,537.200928,23.177595
3,5,7,74.864435,74.943216,34.330148,544.828123,23.341554
3,5,8,87.19141,87.19141,42.018596,620.422704,24.908286
3,5,9,87.19141,87.19141,44.018885,629.00143,25.079901
3,5,10,87.19141,87.19141,43.380574,681.97249,26.114603
3,5,11,86.011736,87.19141,42.388248,615.373565,24.806724
3,5,12,86.99141,87.19141,46.297362,604.230319,24.581097
3,5,13,86.99141,87.19141,40.535322,657.611051,25.643928
3,5,14,86.99141,87.19141,40.546676,765.043411,27.659418
3,5,15,86.99141,87.19141,44.035666,668.18219,25.84922
3,5,16,86.99141,87.19141,40.189996,731.7037,27.050022
3,5,17,86.011736,87.19141,43.556716,636.824271,25.235377
3,5,18,87.993424,87.993424,48.057923,693.484301,26.33409
3,5,19,89.393424,89.393424,41.925254,844.00768,29.05181
3,5,20,87.011736,89.393424,44.603642,813.545969,28.522727
3,5,21,87.011736,89.393424,41.403336,871.016239,29.512984
3,5,22,86.011736,89.393424,41.628902,785.228721,28.021933
3,5,23,87.011736,89.393424,44.583516,780.378842,27.935262
3,5,24,87.193424,89.393424,39.893352,975.150764,31.227404
3,5,25,87.193424,89.393424,46.349116,796.413439,28.220798
3,5,26,87.193424,89.393424,51.113429,855.416122,29.247498
3,5,27,87.613791,89.393424,50.781531,982.951681,31.35206
3,5,28,87.613791,89.393424,53.522408,914.428656,30.239521
3,5,29,89.393424,89.393424,52.786846,1080.006006,32.863445
3,5,30,89.393424,89.393424,48.526574,893.736529,29.895427
3,5,31,87.959327,89.393424,46.718705,1063.686105,32.614201
3,5,32,88.413883,89.393424,51.041137,862.95534,29.376102
3,5,33,88.413883,89.393424,45.772238,802.065255,28.320757
3,5,34,87.618668,89.393424,49.055819,1053.453131,32.456943
3,5,35,87.618668,89.393424,43.65731,1060.155694,32.560032
3,5,36,87.618668,89.393424,50.964973,967.441856,31.103727
3,5,37,88.781347,89.393424,48.799028,1014.856443,31.856812
3,5,38,88.781347,89.393424,51.484217,839.951676,28.98192
3,5,39,88.781347,89.393424,49.735437,1025.328189,32.020746
3,5,40,88.781347,89.393424,47.67259,786.359999,28.042111
3,5,41,88.781347,89.393424,46.460879,997.890107,31.589399
3,5,42,88.853751,89.393424,45.308014,949.18059,30.808775
3,5,43,88.672629,89.393424,47.404646,1014.828942,31.85638
3,5,44,88.672629,89.393424,49.674053,802.14837,28.322224
3,5,45,88.672629,89.393424,47.556677,931.224238,30.515967
3,5,46,88.672629,89.393424,49.721596,1002.452575,31.661531
3,5,47,87.55063,89.393424,43.901805,937.413977,30.617217
3,5,48,87.55063,89.393424,47.176883,1008.399818,31.755312
3,5,49,87.544148,89.393424,45.830261,768.681623,27.725108
3,5,50,88.849858,89.393424,45.369739,981.559077,31.329843
3,6,1,56.773463,56.773463,6.757472,92.711873,9.6287
3,6,2,65.773463,65.773463,14.008871,180.207616,13.424143
3,6,3,84.993424,84.993424,20.432704,270.694102,16.452784
3,6,4,84.993424,84.993424,21.563104,327.545523,18.098219
3,6,5,84.993424,84.993424,24.567893,303.4718,17.420442
3,6,6,84.993424,84.993424,24.224991,379.829959,19.489227
3,6,7,86.238793,86.238793,31.291891,518.154481,22.763007
3,6,8,86.59141,86.59141,35.755028,578.310589,24.048089
3,6,9,86.59141,86.59141,33.890984,557.556472,23.612634
3,6,10,86.59141,86.59141,37.133485,531.42987,23.052763
3,6,11,86.59141,86.59141,36.224231,596.396988,24.421241
3,6,12,86.59141,86.59141,32.886236,683.492968,26.143698
3,6,13,89.193424,89.193424,39.435356,755.355628,27.483734
3,6,14,89.193424,89.193424,38.988476,691.024748,26.28735
3,6,15,89.193424,89.193424,42.196726,645.874139,25.414054
3,6,16,89.193424,89.193424,41.470424,740.054766,27.203948
3,6,17,88.017915,89.193424,42.936149,719.095476,26.815956
3,6,18,88.017915,89.193424,42.729583,710.149189,26.648625
3,6,19,88.017915,89.193424,41.158292,814.598409,28.54117
3,6,20,87.19141,89.193424,41.092183,751.051313,27.405315
3,6,21,87.19141,89.193424,46.793873,732.066609,27.056729
3,6,22,86.99141,89.193424,44.063757,838.743405,28.961067
3,6,23,86.99141,89.193424,46.285821,681.991614,26.114969
3,6,24,86.238793,89.193424,46.801655,887.386501,29.789033
3,6,25,86.238793,89.193424,49.534643,792.19034,28.145876
3,6,26,86.238793,89.193424,47.310733,808.431713,28.432934
3,6,27,86.59141,89.193424,44.56739,999.669583,31.617552
3,6,28,86.615851,89.193424,47.699862,932.768485,30.541259
3,6,29,87.618586,89.193424,53.880935,985.067655,31.385787
3,6,30,87.618586,89.193424,52.449805,1052.619813,32.444103
3,6,31,87.19141,89.193424,54.729289,1227.787995,35.039806
3,6,32,87.19141,89.193424,50.794311,1283.01926,35.819258
3,6,33,87.19141,89.193424,55.794038,1233.196108,35.116892
3,6,34,87.011736,89.193424,66.178899,882.093677,29.700062
3,6,35,86.99141,89.193424,58.447376,1401.47195,37.436238
3,6,36,86.99141,89.193424,59.360802,1360.673155,36.887303
3,6,37,86.99141,89.193424,51.297901,1545.662298,39.314912
3,6,38,86.99141,89.193424,52.96936,1537.101703,39.205889
3,6,39,86.99141,89.193424,62.097768,1230.08228,35.072529
3,6,40,86.99141,89.193424,64.829241,1186.102299,34.439836
3,6,41,87.011736,89.193424,60.026916,1453.635646,38.126574
3,6,42,87.011736,89.193424,62.711954,1314.314401,36.253474
3,6,43,87.011736,89.193424,68.77746,1089.632369,33.00958
3,6,44,87.011736,89.193424,60.765694,1435.152587,37.883408
3,6,45,87.011736,89.193424,62.761407,1295.749952,35.996527
3,6,46,87.011736,89.193424,70.16159,953.821497,30.884001
3,6,47,87.011736,89.193424,64.049491,1316.075566,36.277756
3,6,48,87.011736,89.193424,61.535108,1391.023068,37.296422
3,6,49,87.011736,89.193424,55.131682,1574.964532,39.685823
3,6,50,87.011736,89.193424,66.192245,1219.740119,34.924778
3,7,1,38.897441,38.897441,4.960215,50.126484,7.080006
3,7,2,74.853671,74.853671,11.251794,153.893051,12.405364
3,7,3,56.773463,74.853671,14.457286,234.312363,15.307265
3,7,4,65.773463,74.853671,22.677308,461.317297,21.478298
3,7,5,74.855814,74.855814,34.057011,521.495515,22.836276
3,7,6,74.857963,74.857963,36.320168,582.520231,24.135456
3,7,7,87.011736,87.011736,37.170194,645.218251,25.401147
3,7,8,87.011736,87.011736,39.569868,604.715657,24.590967
3,7,9,87.011736,87.011736,34.730515,672.569072,25.933937
3,7,10,65.886318,87.011736,40.786089,551.978722,23.494227
3,7,11,84.211736,87.011736,38.730991,637.42036,25.247185
3,7,12,86.99141,87.011736,41.02856,611.34107,24.725312
3,7,13,86.99141,87.011736,40.972823,625.162659,25.003253
3,7,14,86.99141,87.011736,42.52121,555.941746,23.578417
3,7,15,84.838793,87.011736,44.775003,472.950232,21.747419
3,7,16,89.393424,89.393424,40.817018,667.698411,25.839861
3,7,17,87.993424,89.393424,38.663031,714.707366,26.734011
3,7,18,87.993424,89.393424,44.818607,683.064181,26.135497
3,7,19,87.993424,89.393424,40.442325,874.692057,29.575193
3,7,20,87.39141,89.393424,42.420492,700.207615,26.461436
3,7,21,87.393424,89.393424,53.416232,603.392108,24.564041
3,7,22,87.393424,89.393424,40.189566,783.86204,27.997536
3,7,23,87.640905,89.393424,44.359546,735.897519,27.127431
3,7,24,87.640905,89.393424,48.82022,675.033443,25.981406
3,7,25,87.640905,89.393424,48.831573,854.183637,29.22642
3,7,26,87.640905,89.393424,51.220582,676.290012,26.005577
3,7,27,87.640905,89.393424,50.827203,727.492818,26.972075
3,7,28,87.59141,89.393424,45.933499,811.758538,28.491377
3,7,29,87.59141,89.393424,46.596481,781.85766,27.961718
3,7,30,87.411736,89.393424,50.259549,855.500555,29.248941
3,7,31,87.411736,89.393424,53.030457,784.040975,28.000732
3,7,32,87.411736,89.393424,55.732539,774.582885,27.831329
3,7,33,89.593424,89.593424,52.723462,994.131996,31.529859
3,7,34,89.593424,89.593424,55.807493,1101.912925,33.195074
3,7,35,89.593424,89.593424,54.966983,1077.087413,32.81901
3,7,36,89.593424,89.593424,55.661839,1075.873287,32.800507
3,7,37,89.593424,89.593424,57.79502,1177.534967,34.315229
3,7,38,88.88368,89.593424,49.964962,1187.492751,34.460017
3,7,39,88.612754,89.593424,55.192775,863.042265,29.377581
3,7,40,87.491125,89.593424,56.298938,1125.646235,33.550652
3,7,41,89.326532,89.593424,56.404065,944.902259,30.739262
3,7,42,88.85473,89.593424,56.236951,1025.626828,32.025409
3,7,43,88.751782,89.593424,57.939067,1006.949988,31.732475
3,7,44,88.751782,89.593424,50.329584,871.766127,29.525686
3,7,45,88.751782,89.593424,54.293439,856.706404,29.269547
3,7,46,88.751782,89.593424,53.811839,857.451074,29.282266
3,7,47,87.562436,89.593424,50.337113,960.47199,30.991483
3,7,48,89.406764,89.593424,57.737061,868.027014,29.462298
3,7,49,89.406764,89.593424,54.433202,869.738089,29.491322
3,7,50,87.940314,89.593424,53.2039,1174.649099,34.273154
3,8,1,56.773463,56.773463,7.861821,137.610401,11.730746
3,8,2,84.593424,84.593424,15.215115,230.350527,15.177303
3,8,3,86.266602,86.266602,23.460018,448.104454,21.168478
3,8,4,86.619983,86.619983,28.928919,650.118857,25.497428
3,8,5,87.011736,87.011736,36.861353,671.487414,25.913074
3,8,6,87.011736,87.011736,40.494488,766.700255,27.689353
3,8,7,87.19141,87.19141,36.445717,916.966326,30.281452
3,8,8,87.19141,87.19141,42.088636,663.893438,25.76613
3,8,9,87.011736,87.19141,46.662225,803.483928,28.345792
3,8,10,87.223649,87.223649,51.402854,889.224299,29.819864
3,8,11,87.19141,87.223649,49.102531,1080.383074,32.869181
3,8,12,87.19141,87.223649,49.121493,1176.412049,34.298864
3,8,13,87.203674,87.223649,46.243111,1013.841451,31.840877
3,8,14,87.150607,87.223649,51.814242,949.92695,30.820885
3,8,15,87.052899,87.223649,47.613605,1077.060581,32.818601
3,8,16,87.042221,87.223649,48.247414,992.660792,31.50652
3,8,17,87.042221,87.223649,46.277926,827.616318,28.768321
3,8,18,87.042221,87.223649,44.366059,882.64922,29.709413
3,8,19,87.042221,87.223649,45.515823,1027.009563,32.04699
3,8,20,87.042221,87.223649,52.05573,1094.564604,33.084205
3,8,21,87.042221,87.223649,49.639672,1032.40859,32.131116
3,8,22,87.164469,87.223649,51.482638,987.937995,31.431481
3,8,23,87.164469,87.223649,44.374481,1031.478465,32.116638
3,8,24,87.164469,87.223649,48.759824,1075.581799,32.796064
3,8,25,87.060484,87.223649,44.262006,1006.905376,31.731772
3,8,26,87.014452,87.223649,46.176492,818.623424,28.611596
3,8,27,87.199138,87.223649,45.509571,959.821725,30.98099
3,8,28,87.199138,87.223649,47.664842,1007.376716,31.739198
3,8,29,87.202206,87.223649,43.553398,1025.666792,32.026033
3,8,30,87.208377,87.223649,43.168525,766.471794,27.685227
3,8,31,87.208377,87.223649,45.855904,907.78763,30.129514
3,8,32,87.208377,87.223649,48.571323,824.197027,28.708832
3,8,33,87.208377,87.223649,47.603945,1083.536367,32.917114
3,8,34,87.208377,87.223649,46.184429,986.642715,31.410869
3,8,35,87.208377,87.223649,50.705659,749.688068,27.380432
3,8,36,87.208377,87.223649,45.48889,867.888094,29.45994
3,8,37,87.036261,87.223649,51.424267,738.754272,27.180034
3,8,38,87.172577,87.223649,44.831358,1075.688277,32.797687
3,8,39,87.197852,87.223649,43.103129,931.838442,30.526029
3,8,40,87.197852,87.223649,46.262145,969.009775,31.128922
3,8,41,87.197852,87.223649,51.829416,987.89152,31.430742
3,8,42,87.197852,87.223649,47.795443,877.714087,29.62624
3,8,43,87.049591,87.223649,51.118706,1048.950746,32.387509
3,8,44,87.049591,87.223649,46.529073,839.242282,28.969679
3,8,45,87.049591,87.223649,45.64684,1032.370392,32.130521
3,8,46,87.150745,87.223649,44.24854,739.21074,27.18843
3,8,47,87.148436,87.223649,44.776341,921.13905,30.350273
3,8,48,87.148436,87.223649,51.843318,839.251471,28.969837
3,8,49,87.148436,87.223649,51.745542,1036.576507,32.195908
3,8,50,87.044683,87.223649,51.767092,967.675278,31.107479
3,9,1,56.773463,56.773463,6.961538,106.393333,10.314714
3,9,2,56.773463,56.773463,13.539382,132.91452,11.528856
3,9,3,85.213791,85.213791,21.74421,391.775779,19.793327
3,9,4,85.213791,85.213791,23.098613,539.00087,23.216392
3,9,5,85.213791,85.213791,30.142669,587.684065,24.242196
3,9,6,85.213791,85.213791,40.570566,781.853183,27.961638
3,9,7,85.7894,85.7894,43.699789,795.020442,28.196107
3,9,8,89.793424,89.793424,43.076626,976.625654,31.25101
3,9,9,85.643021,89.793424,50.967028,1091.477829,33.037522
3,9,10,85.643021,89.793424,52.536134,1066.776689,32.661548
3,9,11,87.593424,89.793424,52.024365,1335.622066,36.546163
3,9,12,87.593424,89.793424,54.37507,1150.1373,33.913674
3,9,13,89.793424,89.793424,45.732789,1256.056192,35.440883
3,9,14,88.01665,89.793424,48.382937,1239.754105,35.210142
3,9,15,88.01665,89.793424,53.967297,1163.584206,34.11135
3,9,16,89.48204,89.793424,47.090987,1023.833805,31.997403
3,9,17,89.48204,89.793424,49.136395,1214.307539,34.846916
3,9,18,89.48204,89.793424,48.623523,1030.098692,32.095151
3,9,19,89.48204,89.793424,46.151333,1002.147595,31.656715
3,9,20,89.48204,89.793424,53.625468,904.889589,30.081383
3,9,21,86.32748,89.793424,49.91423,1144.171347,33.825602
3,9,22,89.351119,89.793424,54.880801,1298.618719,36.036353
3,9,23,89.351119,89.793424,49.864415,947.576895,30.782737
3,9,24,89.298462,89.793424,55.563648,1150.159866,33.914007
3,9,25,89.298462,89.793424,48.652541,1184.599884,34.418017
3,9,26,87.366882,89.793424,51.596585,1070.492916,32.718388
3,9,27,89.653008,89.793424,53.587152,1146.478002,33.859681
3,9,28,89.653008,89.793424,50.589976,1083.851524,32.9219
3,9,29,89.653008,89.793424,48.227283,974.588361,31.218398
3,9,30,89.653008,89.793424,47.028222,1244.579263,35.278595
3,9,31,89.653008,89.793424,48.661647,1315.995591,36.276654
3,9,32,89.653008,89.793424,52.301237,949.012842,30.806052
3,9,33,89.653008,89.793424,54.117622,1260.846493,35.5084
3,9,34,89.653008,89.793424,46.345861,1000.928108,31.637448
3,9,35,89.653008,89.793424,49.607041,1065.951176,32.648908
3,9,36,89.653008,89.793424,48.44312,954.140617,30.889167
3,9,37,89.653008,89.793424,55.308157,1153.306027,33.96036
3,9,38,86.433632,89.793424,49.589101,1236.114997,35.158427
3,9,39,87.563268,89.793424,49.934656,1131.12375,33.632183
3,9,40,87.563268,89.793424,52.607155,1296.266334,36.003699
3,9,41,86.905215,89.793424,46.086968,966.176173,31.083375
3,9,42,86.905215,89.793424,50.079675,1335.3499,36.54244
3,9,43,88.110304,89.793424,53.776334,1023.638672,31.994354
3,9,44,87.350169,89.793424,52.394164,1288.237465,35.892025
3,9,45,87.350169,89.793424,48.84353,1037.552787,32.211066
3,9,46,87.350169,89.793424,52.340349,1249.047139,35.341861
3,9,47,87.350169,89.793424,51.138859,1245.979063,35.298429
3,9,48,86.319573,89.793424,53.613698,1051.245996,32.422924
3,9,49,86.319573,89.793424,52.315367,993.921741,31.526524
3,9,50,86.319573,89.793424,47.854144,1191.293598,34.515121
3,10,1,85.838793,85.838793,11.418325,344.27434,18.554631
3,10,2,85.838793,85.838793,23.062899,426.750788,20.657947
3,10,3,85.838793,85.838793,25.199205,563.166786,23.731135
3,10,4,85.838793,85.838793,31.752312,526.696901,22.949878
3,10,5,84.3894,85.838793,35.127922,638.345661,25.265503
3,10,6,84.3894,85.838793,36.500908,559.361452,23.650823
3,10,7,75.086497,85.838793,37.307371,577.34764,24.028059
3,10,8,85.049397,85.838793,37.824937,609.675397,24.691606
3,10,9,86.99141,86.99141,40.256073,646.73655,25.431016
3,10,10,86.99141,86.99141,44.796661,540.226727,23.242778
3,10,11,85.793424,86.99141,40.452061,677.470766,26.028269
3,10,12,85.793424,86.99141,44.115099,604.652312,24.589679
3,10,13,85.697745,86.99141,45.19818,536.684316,23.166448
3,10,14,85.697745,86.99141,40.719571,701.465471,26.485193
3,10,15,85.697745,86.99141,41.049012,577.589458,24.033091
3,10,16,85.697745,86.99141,40.018878,706.737095,26.584527
3,10,17,85.443309,86.99141,44.163547,689.527565,26.258857
3,10,18,85.443309,86.99141,39.291951,499.342078,22.345963
3,10,19,85.443309,86.99141,42.971316,671.635043,25.915923
3,10,20,86.550695,86.99141,37.819129,619.645564,24.892681
3,10,21,85.940064,86.99141,42.651165,571.859578,23.913586
3,10,22,85.940064,86.99141,40.76295,667.626441,25.838468
3,10,23,85.940064,86.99141,39.576344,595.563652,24.404173
3,10,24,85.940064,86.99141,39.701319,595.194695,24.396612
3,10,25,85.940064,86.99141,45.337789,707.482319,26.59854
3,10,26,85.940064,86.99141,39.983124,576.226882,24.004726
3,10,27,85.760176,86.99141,40.73798,507.99597,22.538766
3,10,28,85.760176,86.99141,44.312943,529.628674,23.013663
3,10,29,85.054652,86.99141,37.921482,543.292358,23.308633
3,10,30,85.054652,86.99141,44.570148,580.617508,24.096006
3,10,31,86.292064,86.99141,45.173225,600.426347,24.503599
3,10,32,86.292064,86.99141,43.102431,662.561953,25.740279
3,10,33,86.292064,86.99141,37.97346,689.489663,26.258135
3,10,34,86.292064,86.99141,41.752737,619.998037,24.89976
3,10,35,85.479455,86.99141,42.192706,492.848727,22.200197
3,10,36,85.479455,86.99141,44.822587,705.529941,26.561814
3,10,37,85.479455,86.99141,40.060769,648.848701,25.472509
3,10,38,85.479455,86.99141,40.509606,726.944551,26.961909
3,10,39,85.479455,86.99141,37.720667,608.203022,24.661772
3,10,40,85.479455,86.99141,39.17738,651.148749,25.517616
3,10,41,85.954486,86.99141,40.457538,694.117314,26.346106
3,10,42,86.681991,86.99141,45.567567,534.129132,23.111234
3,10,43,86.681991,86.99141,42.240933,591.972315,24.330481
3,10,44,86.681991,86.99141,37.455656,569.145201,23.856764
3,10,45,86.681991,86.99141,42.615587,572.343859,23.923709
3,10,46,86.661751,86.99141,43.328106,674.01701,25.961838
3,10,47,86.661751,86.99141,39.587752,652.153752,25.537301
3,10,48,86.661751,86.99141,39.194369,708.465364,26.617013
3,10,49,86.661751,86.99141,42.282746,546.879756,23.38546
3,10,50,86.661751,86.99141,44.503649,728.980415,26.999637
5,1,1,92.526677,92.526677,25.790645,1288.29746,35.892861
5,1,2,93.634055,93.634055,43.639461,1643.266843,40.537228
5,1,3,93.12188,93.634055,63.872503,1520.55165,38.994251
5,1,4,92.800414,93.634055,57.27547,1776.449609,42.147949
5,1,5,92.947727,93.634055,70.787805,1268.258872,35.612622
5,1,6,93.410612,93.634055,72.12611,1181.777612,34.376992
5,1,7,92.596415,93.634055,59.245691,1573.60255,39.66866
5,1,8,93.678708,93.678708,59.721438,1688.40104,41.090157
5,1,9,93.498708,93.678708,63.756252,1563.111701,39.536207
5,1,10,92.631858,93.678708,64.803664,1471.30488,38.357592
5,1,11,92.858093,93.678708,61.398889,1583.632602,39.794882
5,1,12,93.102547,93.678708,65.008413,1542.089126,39.269443
5,1,13,92.728354,93.678708,65.147691,1527.192981,39.079317
5,1,14,92.439829,93.678708,68.5684,1426.613552,37.770538
5,1,15,93.04521,93.678708,65.949168,1516.688623,38.944687
5,1,16,92.920414,93.678708,71.046237,1280.746532,35.787519
5,1,17,93.04521,93.678708,77.053616,985.079851,31.385982
5,1,18,92.988962,93.678708,71.415827,1305.637979,36.133613
5,1,19,92.762832,93.678708,64.366634,1599.2906,39.991132
5,1,20,93.801683,93.801683,65.551505,1513.014016,38.897481
5,1,21,93.501683,93.801683,67.208843,1460.014333,38.210134
5,1,22,93.561683,93.801683,71.069379,1336.521095,36.558461
5,1,23,93.501683,93.801683,59.173914,1740.982172,41.725078
5,1,24,93.561683,93.801683,65.65646,1445.782261,38.023444
5,1,25,93.634253,93.801683,64.424898,1574.99909,39.686258
5,1,26,93.561683,93.801683,69.210121,1364.711462,36.942001
5,1,27,93.443414,93.801683,65.497754,1512.958241,38.896764
5,1,28,93.559465,93.801683,66.797277,1458.591755,38.191514
5,1,29,93.558708,93.801683,62.436055,1662.505838,40.773838
5,1,30,93.388354,93.801683,63.166172,1592.162996,39.901917
5,1,31,93.208142,93.801683,70.866702,1364.563827,36.940003
5,1,32,93.561683,93.801683,68.998518,1422.199281,37.712058
5,1,33,93.634253,93.801683,64.860274,1476.626743,38.426901
5,1,34,93.388354,93.801683,66.680827,1469.005336,38.327605
5,1,35,93.801683,93.801683,73.627746,1109.202962,33.304699
5,1,36,92.707727,93.801683,68.529418,1468.64536,38.322909
5,1,37,93.634055,93.801683,74.170826,1176.164343,34.295252
5,1,38,93.88625,93.88625,68.534264,1423.185338,37.725129
5,1,39,93.254024,93.88625,73.580825,1112.50077,33.354172
5,1,40,93.191732,93.88625,61.750023,1690.059516,41.110333
5,1,41,93.563414,93.88625,66.344063,1468.052795,38.315177
5,1,42,93.187727,93.88625,65.624268,1557.936423,39.470703
5,1,43,93.772404,93.88625,59.990509,1640.130348,40.498523
5,1,44,93.11642,93.88625,64.114581,1588.101927,39.850997
5,1,45,93.772404,93.88625,69.483776,1290.776569,35.927379
5,1,46,93.766708,93.88625,59.456274,1662.389437,40.77241
5,1,47,93.972976,93.972976,71.449422,1256.018404,35.44035
5,1,48,94.216695,94.216695,63.336132,1683.665216,41.03249
5,1,49,93.556054,94.216695,72.270204,1220.251574,34.932099
5,1,50,93.556054,94.216695,62.274264,1704.9865,41.291482
5,2,1,93.061921,93.061921,18.36004,990.599371,31.473789
5,2,2,92.222067,93.061921,33.500791,1599.420675,39.992758
5,2,3,93.334547,93.334547,55.818253,1654.661414,40.67753
5,2,4,93.048788,93.334547,64.490944,1547.629009,39.339916
5,2,5,93.334547,93.334547,64.293893,1461.600169,38.23088
5,2,6,93.379465,93.379465,69.870603,1289.814119,35.913982
5,2,7,93.694253,93.694253,74.678513,1031.397278,32.115374
5,2,8,93.765064,93.765064,66.098488,1461.186316,38.225467
5,2,9,93.801683,93.801683,68.326185,1435.856732,37.8927
5,2,10,93.741683,93.801683,70.931079,1248.475052,35.333766
5,2,11,93.152892,93.801683,69.196268,1415.142819,37.618384
5,2,12,93.706708,93.801683,69.836918,1377.570368,37.115635
5,2,13,93.366794,93.801683,65.293917,1364.323657,36.936752
5,2,14,93.794198,93.801683,59.496842,1682.325518,41.016162
5,2,15,93.311062,93.801683,67.983031,1385.624967,37.223984
5,2,16,93.822547,93.822547,73.596387,1165.981613,34.146473
5,2,17,93.794198,93.822547,64.191556,1447.834034,38.050414
5,2,18,93.794198,93.822547,65.279235,1514.680657,38.918898
5,2,19,93.851732,93.851732,65.037818,1561.108398,39.510864
5,2,20,93.794198,93.851732,66.857962,1404.351424,37.474677
5,2,21,93.634253,93.851732,71.903704,1249.770829,35.352098
5,2,22,93.363246,93.851732,71.814632,1293.410114,35.964011
5,2,23,93.681683,93.851732,72.08963,1249.565524,35.349194
5,2,24,94.151732,94.151732,64.782604,1596.828883,39.960341
5,2,25,93.388354,94.151732,79.730702,821.925206,28.669238
5,2,26,93.741683,94.151732,63.747313,1573.823536,39.671445
5,2,27,93.886708,94.151732,76.78727,874.600918,29.573652
5,2,28,93.886708,94.151732,72.327626,1194.561903,34.562435
5,2,29,93.822547,94.151732,71.592264,1277.669081,35.744497
5,2,30,93.666278,94.151732,72.460202,1290.6173,35.925162
5,2,31,93.694253,94.151732,58.490502,1707.818574,41.325762
5,2,32,93.694253,94.151732,68.675702,1401.165962,37.432151
5,2,33,93.783229,94.151732,64.846543,1530.692103,39.12406
5,2,34,93.783229,94.151732,60.799541,1631.323436,40.389645
5,2,35,93.738708,94.151732,64.609693,1385.768263,37.225908
5,2,36,93.738708,94.151732,67.507859,1515.50747,38.929519
5,2,37,93.748142,94.151732,70.454724,1220.550817,34.936382
5,2,38,92.972828,94.151732,64.705508,1449.014584,38.065924
5,2,39,92.839465,94.151732,61.122344,1676.89247,40.949878
5,2,40,93.6239,94.151732,73.820065,1171.70039,34.230109
5,2,41,94.031732,94.151732,60.911864,1717.482993,41.442526
5,2,42,93.376695,94.151732,66.115857,1411.245106,37.566542
5,2,43,92.331858,94.151732,69.368458,1303.272843,36.10087
5,2,44,92.839688,94.151732,77.517694,940.430497,30.666439
5,2,45,93.263414,94.151732,66.604114,1499.885243,38.728352
5,2,46,93.74385,94.151732,65.695156,1562.527725,39.528821
5,2,47,93.880134,94.151732,76.716196,1065.751487,32.645849
5,2,48,93.940134,94.151732,71.272298,1319.216113,36.321015
5,2,49,93.912976,94.151732,75.917802,1069.238976,32.69922
5,2,50,93.436695,94.151732,72.180739,1287.507433,35.881854
5,3,1,93.441683,93.441683,26.87413,1317.361099,36.295469
5,3,2,93.441683,93.441683,47.569745,1765.682211,42.020022
5,3,3,93.441683,93.441683,57.830825,1661.209136,40.757933
5,3,4,92.922462,93.441683,63.827266,1497.390582,38.696131
5,3,5,93.470514,93.470514,63.812074,1448.359545,38.057319
5,3,6,93.72272,93.72272,64.400821,1511.049498,38.87222
5,3,7,93.381683,93.72272,62.735735,1514.416613,38.915506
5,3,8,92.972892,93.72272,59.261791,1632.481623,40.40398
5,3,9,93.514253,93.72272,65.169045,1341.698369,36.629201
5,3,10,93.514253,93.72272,63.206974,1488.830425,38.585365
5,3,11,92.681645,93.72272,67.613876,1409.767792,37.546875
5,3,12,93.041645,93.72272,67.146384,1457.672843,38.179482
5,3,13,93.194024,93.72272,63.458048,1558.267333,39.474895
5,3,14,93.561683,93.72272,69.072468,1357.33286,36.841999
5,3,15,93.263414,93.72272,62.678318,1673.485265,40.908254
5,3,16,93.510144,93.72272,65.568336,1492.975796,38.639045
5,3,17,93.936575,93.936575,70.946124,1221.72267,34.95315
5,3,18,93.663246,93.936575,67.185517,1378.047949,37.122068
5,3,19,93.577949,93.936575,72.027798,1254.737266,35.422271
5,3,20,93.940134,93.940134,77.960812,927.653842,30.45741
5,3,21,94.816054,94.816054,64.305695,1579.7518,39.746092
5,3,22,93.372976,94.816054,68.422039,1307.371105,36.157587
5,3,23,92.651062,94.816054,69.022184,1373.691209,37.06334
5,3,24,92.506268,94.816054,67.82962,1470.582876,38.34818
5,3,25,92.943428,94.816054,65.273023,1582.583922,39.781703
5,3,26,93.672976,94.816054,70.04148,1258.297555,35.47249
5,3,27,93.041645,94.816054,67.104153,1505.984341,38.807014
5,3,28,93.692751,94.816054,66.806611,1449.419628,38.071244
5,3,29,93.646708,94.816054,64.658755,1547.020474,39.332181
5,3,30,93.340945,94.816054,71.197845,1317.171745,36.292861
5,3,31,93.070119,94.816054,70.149398,1292.601901,35.952773
5,3,32,92.314055,94.816054,72.170822,1221.560465,34.950829
5,3,33,93.003172,94.816054,69.041909,1360.677483,36.887362
5,3,34,93.284679,94.816054,67.938813,1460.169976,38.212171
5,3,35,93.334253,94.816054,67.164117,1550.313004,39.374014
5,3,36,93.306278,94.816054,69.481211,1446.228418,38.02931
5,3,37,93.306278,94.816054,68.807517,1378.271455,37.125079
5,3,38,93.366794,94.816054,68.630897,1475.006197,38.405809
5,3,39,93.394055,94.816054,64.926114,1597.86077,39.973251
5,3,40,92.474638,94.816054,67.191778,1413.118283,37.591466
5,3,41,93.337323,94.816054,58.107592,1763.274335,41.99136
5,3,42,93.508142,94.816054,65.913164,1496.658667,38.686673
5,3,43,93.277323,94.816054,71.256344,1254.086106,35.413078
5,3,44,94.349516,94.816054,76.70164,1010.204282,31.783711
5,3,45,94.312404,94.816054,68.857319,1323.699005,36.382675
5,3,46,93.734966,94.816054,70.093566,1176.270396,34.296799
5,3,47,94.370146,94.816054,66.716187,1544.040929,39.294286
5,3,48,94.370146,94.816054,74.834505,1144.965206,33.837335
5,3,49,94.370146,94.816054,70.641608,1443.70192,37.996078
5,3,50,94.700946,94.816054,72.726192,1300.404281,36.061119
5,4,1,91.863942,91.863942,18.551846,993.961576,31.527156
5,4,2,92.556504,92.556504,33.910893,1506.561103,38.814445
5,4,3,92.146039,92.556504,56.087561,1522.082175,39.013872
5,4,4,93.311732,93.311732,54.935336,1551.42694,39.388157
5,4,5,93.694253,93.694253,61.617865,1536.025236,39.192158
5,4,6,93.694253,93.694253,62.668273,1454.172317,38.133611
5,4,7,94.149362,94.149362,63.811715,1468.824296,38.325244
5,4,8,93.491062,94.149362,74.546872,1065.168535,32.63692
5,4,9,94.031732,94.149362,65.55211,1433.896036,37.86682
5,4,10,93.503558,94.149362,70.830265,1276.486239,35.727948
5,4,11,93.520945,94.149362,68.336054,1401.111215,37.43142
5,4,12,94.236393,94.236393,67.524263,1434.507338,37.874891
5,4,13,93.605363,94.236393,68.539065,1491.958681,38.625881
5,4,14,93.605363,94.236393,63.979519,1391.114768,37.297651
5,4,15,93.605363,94.236393,69.536296,1452.781243,38.115368
5,4,16,93.605363,94.236393,74.524245,1341.471425,36.626103
5,4,17,93.605363,94.236393,76.141057,1403.216464,37.459531
5,4,18,94.231693,94.236393,65.50174,1334.290484,36.527941
5,4,19,93.95584,94.236393,67.07465,1440.431907,37.953022
5,4,20,93.95584,94.236393,66.873647,1496.621884,38.686198
5,4,21,93.95584,94.236393,72.321788,1257.416856,35.460074
5,4,22,93.586819,94.236393,75.944281,1506.627849,38.815304
5,4,23,93.586819,94.236393,76.209817,1152.648035,33.950671
5,4,24,93.520721,94.236393,69.007658,1384.321369,37.206469
5,4,25,94.086146,94.236393,66.140135,1503.067254,38.769411
5,4,26,94.086146,94.236393,68.473408,1542.347103,39.272727
5,4,27,94.086146,94.236393,74.817717,1338.001073,36.578697
5,4,28,94.089076,94.236393,73.883845,1209.605617,34.779385
5,4,29,94.089076,94.236393,73.16261,1368.241811,36.989753
5,4,30,94.089076,94.236393,67.559476,1112.12049,33.348471
5,4,31,94.089076,94.236393,64.366195,1428.200992,37.791547
5,4,32,94.081737,94.236393,66.673905,1538.564528,39.22454
5,4,33,93.792802,94.236393,72.427225,1251.013341,35.369667
5,4,34,93.792802,94.236393,72.561708,1170.805557,34.217036
5,4,35,93.64893,94.236393,65.630576,1101.827803,33.193792
5,4,36,93.64893,94.236393,68.501506,1230.101737,35.072806
5,4,37,93.83639,94.236393,76.041318,1521.729323,39.009349
5,4,38,93.83639,94.236393,67.144878,1197.177619,34.600255
5,4,39,94.058007,94.236393,63.125018,1515.899748,38.934557
5,4,40,94.058007,94.236393,69.259602,1217.61603,34.894355
5,4,41,93.923336,94.236393,75.755139,1146.736551,33.863499
5,4,42,93.564208,94.236393,72.702869,1343.202826,36.649732
5,4,43,93.564208,94.236393,63.685205,1363.319659,36.923159
5,4,44,93.606323,94.236393,69.876928,1425.374792,37.754136
5,4,45,94.03568,94.236393,65.800132,1552.646255,39.403633
5,4,46,94.03568,94.236393,64.132789,1326.913551,36.426825
5,4,47,94.03568,94.236393,65.847754,1105.529212,33.249499
5,4,48,94.03568,94.236393,69.512103,1105.298536,33.24603
5,4,49,94.158222,94.236393,68.669306,1502.660061,38.764159
5,4,50,94.158222,94.236393,70.710172,1285.2496,35.850378
5,5,1,91.127911,91.127911,14.317033,803.29467,28.342453
5,5,2,91.547911,91.547911,39.091311,1664.905361,40.803252
5,5,3,91.547911,91.547911,55.723123,1513.676433,38.905995
5,5,4,92.668354,92.668354,55.440931,1679.868656,40.986201
5,5,5,93.331733,93.331733,61.405628,1485.358539,38.540349
5,5,6,93.252976,93.331733,66.656024,1417.612898,37.6512
5,5,7,93.381683,93.381683,59.402432,1725.151572,41.534944
5,5,8,93.869567,93.869567,68.979824,1353.657751,36.792088
5,5,9,93.321683,93.869567,61.282172,1587.099199,39.838414
5,5,10,93.212892,93.869567,65.233346,1532.626425,39.148773
5,5,11,93.743414,93.869567,69.53287,1361.172633,36.894073
5,5,12,93.246794,93.869567,65.321676,1414.25939,37.60664
5,5,13,93.869567,93.869567,62.471635,1535.195754,39.181574
5,5,14,93.854028,93.869567,70.685249,1206.928224,34.740873
5,5,15,93.854028,93.869567,61.996583,1675.802874,40.936571
5,5,16,93.852895,93.869567,64.877369,1703.979694,41.279289
5,5,17,93.852895,93.869567,70.793902,1238.55011,35.193041
5,5,18,93.807324,93.869567,62.51539,1553.361238,39.412704
5,5,19,93.240082,93.869567,71.049348,1430.457128,37.821385
5,5,20,93.240082,93.869567,59.715016,1280.2968,35.781235
5,5,21,93.240082,93.869567,72.525257,1686.814832,41.070851
5,5,22,93.240082,93.869567,70.145851,1312.293519,36.225592
5,5,23,93.639066,93.869567,67.919146,1402.529476,37.45036
5,5,24,93.401918,93.869567,60.403528,1679.199867,40.978041
5,5,25,93.838925,93.869567,67.891732,1339.216245,36.595304
5,5,26,93.649216,93.869567,67.079954,1739.023864,41.701605
5,5,27,93.649216,93.869567,63.197778,1511.689574,38.880452
5,5,28,93.649216,93.869567,68.706198,1314.182347,36.251653
5,5,29,93.649216,93.869567,69.543547,1312.655628,36.23059
5,5,30,93.737866,93.869567,63.939045,1559.714174,39.493217
5,5,31,93.537833,93.869567,61.471424,1523.474854,39.031716
5,5,32,93.455204,93.869567,65.019303,1418.823353,37.667272
5,5,33,93.455204,93.869567,63.056516,1567.45355,39.591079
5,5,34,93.455204,93.869567,71.102689,1704.91041,41.290561
5,5,35,93.705486,93.869567,70.237342,1196.506661,34.590557
5,5,36,93.705486,93.869567,67.881212,1436.588534,37.902355
5,5,37,93.705486,93.869567,63.797091,1622.624956,40.281819
5,5,38,93.705486,93.869567,67.601303,1385.358867,37.220409
5,5,39,93.705486,93.869567,60.868907,1673.857649,40.912805
5,5,40,93.705486,93.869567,66.42852,1341.215136,36.622604
5,5,41,93.705486,93.869567,66.793255,1257.672686,35.463681
5,5,42,93.705486,93.869567,71.727933,1459.771465,38.206956
5,5,43,93.705486,93.869567,69.949114,1556.832004,39.456711
5,5,44,93.705486,93.869567,59.85033,1406.682794,37.50577
5,5,45,93.480825,93.869567,67.296989,1159.987553,34.05859
5,5,46,93.480825,93.869567,69.695599,1728.559953,41.575954
5,5,47,93.60937,93.869567,71.254819,1240.844766,35.225627
5,5,48,93.564963,93.869567,71.211402,1656.810915,40.703942
5,5,49,93.564963,93.869567,71.462637,1486.52428,38.55547
5,5,50,93.408382,93.869567,70.427896,1370.35256,37.018273
5,6,1,92.971026,92.971026,20.675751,1164.264422,34.121319
5,6,2,92.466939,92.971026,45.364957,1671.367225,40.882358
5,6,3,92.746571,92.971026,48.506935,1640.617692,40.504539
5,6,4,93.595505,93.595505,62.056714,1482.570617,38.504164
5,6,5,93.581837,93.595505,65.002785,1385.51038,37.222445
5,6,6,91.756456,93.595505,59.776711,1647.351351,40.587576
5,6,7,94.48625,94.48625,65.426133,1291.437855,35.936581
5,6,8,92.77004,94.48625,60.496256,1683.744358,41.033454
5,6,9,93.678708,94.48625,60.118824,1649.004724,40.607939
5,6,10,93.445289,94.48625,58.982502,1724.673072,41.529183
5,6,11,94.278253,94.48625,59.439961,1710.045376,41.352695
5,6,12,94.569365,94.569365,62.209021,1620.092459,40.250372
5,6,13,94.569365,94.569365,59.756773,1635.166746,40.437195
5,6,14,94.569365,94.569365,66.055723,1378.917511,37.133779
5,6,15,93.445289,94.569365,66.563803,1451.088806,38.09316
5,6,16,93.645869,94.569365,64.783179,1546.702034,39.328133
5,6,17,93.427727,94.569365,61.620668,1655.479653,40.687586
5,6,18,93.700945,94.569365,66.479794,1425.123321,37.750806
5,6,19,93.561683,94.569365,66.072193,1431.091715,37.829773
5,6,20,93.454253,94.569365,62.956248,1568.388501,39.602885
5,6,21,93.454253,94.569365,67.901867,1444.983295,38.012936
5,6,22,93.211679,94.569365,65.893632,1520.454028,38.993
5,6,23,93.350612,94.569365,71.150945,1289.621238,35.911297
5,6,24,94.269365,94.569365,69.816437,1394.720438,37.345956
5,6,25,93.242832,94.569365,65.800515,1526.228333,39.066972
5,6,26,93.88625,94.569365,71.602859,1210.485183,34.792028
5,6,27,94.031732,94.569365,70.966363,1338.985093,36.592145
5,6,28,93.801683,94.569365,67.805874,1383.030878,37.189123
5,6,29,93.073573,94.569365,63.692426,1593.480727,39.918426
5,6,30,93.724202,94.569365,69.178714,1392.358573,37.314321
5,6,31,93.246939,94.569365,65.889311,1488.068646,38.575493
5,6,32,93.738708,94.569365,70.522524,1267.905851,35.607666
5,6,33,93.634253,94.569365,66.107121,1558.608089,39.479211
5,6,34,93.727727,94.569365,64.43813,1606.306072,40.078748
5,6,35,93.886708,94.569365,65.130488,1546.001057,39.31922
5,6,36,93.392892,94.569365,64.083239,1517.096507,38.949923
5,6,37,93.052379,94.569365,69.485846,1295.293686,35.990189
5,6,38,93.678708,94.569365,71.778318,1163.618964,34.11186
5,6,39,93.201683,94.569365,64.303734,1603.733557,40.046642
5,6,40,93.561683,94.569365,66.707905,1478.796267,38.45512
5,6,41,93.683754,94.569365,68.043975,1411.532991,37.570374
5,6,42,93.826708,94.569365,62.352635,1682.216578,41.014834
5,6,43,93.621683,94.569365,69.477844,1346.129711,36.68964
5,6,44,93.407281,94.569365,70.815911,1356.236434,36.827115
5,6,45,93.5039,94.569365,61.486631,1688.266888,41.088525
5,6,46,93.621683,94.569365,71.08677,1298.926921,36.040629
5,6,47,93.551096,94.569365,67.069181,1514.52376,38.916883
5,6,48,93.863754,94.569365,65.774245,1511.680027,38.88033
5,6,49,93.863754,94.569365,67.975898,1441.803959,37.971094
5,6,50,93.634253,94.569365,61.151282,1634.580693,40.429948
5,7,1,91.799827,91.799827,24.256141,1220.202119,34.931392
5,7,2,93.803558,93.803558,49.749931,1609.193157,40.11475
5,7,3,93.073152,93.803558,50.237024,1598.542287,39.981774
5,7,4,92.76188,93.803558,60.359477,1537.23443,39.207581
5,7,5,93.84188,93.84188,55.596946,1700.915816,41.242161
5,7,6,93.511733,93.84188,63.584433,1523.103441,39.026958
5,7,7,94.038253,94.038253,74.948665,1070.230558,32.714378
5,7,8,93.803558,94.038253,65.157615,1497.803944,38.701472
5,7,9,93.803558,94.038253,69.764234,1330.058688,36.46997
5,7,10,93.189362,94.038253,71.431847,1305.385431,36.130118
5,7,11,94.132404,94.132404,70.323076,1299.948771,36.054802
5,7,12,93.514253,94.132404,71.794635,1197.636277,34.606882
5,7,13,93.700414,94.132404,66.770825,1419.081032,37.670692
5,7,14,93.802666,94.132404,71.504134,1252.766945,35.394448
5,7,15,93.623414,94.132404,67.162581,1522.365607,39.017504
5,7,16,93.441683,94.132404,67.082283,1463.099365,38.250482
5,7,17,94.518253,94.518253,64.662693,1529.34436,39.106833
5,7,18,94.672404,94.672404,67.619087,1383.075339,37.189721
5,7,19,94.336054,94.672404,71.984456,1289.013046,35.902828
5,7,20,92.8439,94.672404,62.023143,1643.977511,40.545993
5,7,21,93.3839,94.672404,63.439624,1545.783348,39.316451
5,7,22,93.211733,94.672404,72.232321,1227.251883,35.032155
5,7,23,92.830675,94.672404,72.784008,1030.215055,32.096963
5,7,24,92.848142,94.672404,66.697913,1457.623736,38.178839
5,7,25,93.514253,94.672404,69.003533,1452.609076,38.113109
5,7,26,93.071732,94.672404,64.071367,1606.496345,40.081122
5,7,27,93.239599,94.672404,73.40244,1195.95539,34.582588
5,7,28,93.694253,94.672404,67.265322,1473.970809,38.392327
5,7,29,94.409516,94.672404,70.864202,1241.639264,35.236902
5,7,30,94.469516,94.672404,65.539435,1588.907511,39.861103
5,7,31,94.469516,94.672404,71.111296,1314.2593,36.252714
5,7,32,94.169516,94.672404,73.861076,1210.057689,34.785883
5,7,33,94.091732,94.672404,66.058761,1534.606533,39.174054
5,7,34,92.82272,94.672404,75.167496,1110.057621,33.317527
5,7,35,93.754253,94.672404,63.260596,1649.242852,40.610871
5,7,36,92.639827,94.672404,72.157713,1262.616146,35.53331
5,7,37,92.691858,94.672404,67.685649,1515.154162,38.924981
5,7,38,93.126278,94.672404,65.985214,1442.34328,37.978195
5,7,39,93.160945,94.672404,70.847288,1257.904077,35.466943
5,7,40,93.318736,94.672404,60.003071,1695.152046,41.172224
5,7,41,94.158253,94.672404,66.297726,1508.113311,38.834435
5,7,42,94.158253,94.672404,63.762194,1638.980819,40.484328
5,7,43,92.901683,94.672404,75.682546,1047.539575,32.365716
5,7,44,93.958596,94.672404,54.068356,1841.279068,42.910128
5,7,45,93.179827,94.672404,68.166034,1342.125938,36.635037
5,7,46,93.958596,94.672404,76.442724,979.536032,31.29754
5,7,47,94.01642,94.672404,69.195246,1305.927333,36.137617
5,7,48,91.684722,94.672404,67.238131,1424.522128,37.742842
5,7,49,92.133896,94.672404,63.421645,1573.9092,39.672524
5,7,50,94.000134,94.672404,71.192273,1339.066911,36.593263
5,8,1,92.716054,92.716054,24.226056,1332.037224,36.497085
5,8,2,91.733548,92.716054,48.173544,1565.474759,39.566081
5,8,3,93.561683,93.561683,54.626236,1539.73952,39.239515
5,8,4,93.561683,93.561683,61.915013,1471.728887,38.363119
5,8,5,93.759644,93.759644,59.671139,1620.906528,40.260483
5,8,6,93.772124,93.772124,57.76073,1570.745115,39.632627
5,8,7,93.623558,93.772124,61.439218,1483.573334,38.517182
5,8,8,93.604722,93.772124,59.713706,1620.280595,40.252709
5,8,9,93.145289,93.772124,64.284715,1448.007162,38.052689
5,8,10,92.316678,93.772124,65.810701,1519.683633,38.98312
5,8,11,92.341106,93.772124,74.546436,1108.376269,33.292285
5,8,12,93.094055,93.772124,62.973489,1666.816697,40.826666
5,8,13,94.144722,94.144722,66.51626,1475.961009,38.418238
5,8,14,94.144722,94.144722,66.005669,1540.761076,39.25253
5,8,15,93.54188,94.144722,59.268444,1710.193505,41.354486
5,8,16,93.54188,94.144722,67.86329,1441.0405,37.961039
5,8,17,93.622788,94.144722,72.028195,1267.660272,35.604217
5,8,18,93.622788,94.144722,70.733212,1304.281952,36.114844
5,8,19,93.623414,94.144722,67.822406,1413.205076,37.59262
5,8,20,93.112506,94.144722,64.033892,1634.436863,40.428169
5,8,21,93.989567,94.144722,63.22051,1630.650197,40.38131
5,8,22,93.989567,94.144722,66.84475,1471.274925,38.357202
5,8,23,93.203414,94.144722,65.409321,1501.4953,38.749133
5,8,24,92.410675,94.144722,67.027794,1470.106582,38.341969
5,8,25,93.199465,94.144722,65.895145,1551.867786,39.393753
5,8,26,93.801683,94.144722,79.778768,834.778808,28.892539
5,8,27,93.441683,94.144722,67.95278,1383.30497,37.192808
5,8,28,93.611062,94.144722,65.84785,1539.636065,39.238197
5,8,29,93.138736,94.144722,70.657698,1292.371365,35.949567
5,8,30,93.078736,94.144722,68.226874,1406.109344,37.498125
5,8,31,93.078736,94.144722,71.240054,1320.638158,36.340586
5,8,32,93.939644,94.144722,66.921064,1510.274367,38.862249
5,8,33,93.682666,94.144722,67.881658,1478.342759,38.449223
5,8,34,93.678708,94.144722,62.926585,1677.962158,40.962936
5,8,35,93.678708,94.144722,70.437672,1319.568485,36.325865
5,8,36,93.849362,94.144722,66.02944,1520.186121,38.989564
5,8,37,93.317881,94.144722,69.212251,1373.073285,37.055004
5,8,38,93.317881,94.144722,66.747524,1359.667371,36.873668
5,8,39,93.406268,94.144722,66.06405,1502.461423,38.761597
5,8,40,92.958736,94.144722,67.4926,1399.611331,37.41138
5,8,41,93.201578,94.144722,70.427651,1274.860991,35.705196
5,8,42,93.399556,94.144722,60.152797,1675.478041,40.932604
5,8,43,92.788559,94.144722,70.006709,1385.699421,37.224984
5,8,44,93.048788,94.144722,67.631512,1453.70208,38.127445
5,8,45,94.144722,94.144722,73.004152,1262.494938,35.531605
5,8,46,93.849363,94.144722,61.368704,1171.233467,34.223288
5,8,47,92.955941,94.144722,69.232467,1539.99474,39.242767
5,8,48,92.955941,94.144722,69.379458,1708.388813,41.33266
5,8,49,93.155399,94.144722,71.059732,1516.759581,38.945598
5,8,50,93.524111,94.144722,63.030515,1439.274789,37.937775
5,9,1,91.3899,91.3899,19.380187,1112.763363,33.358108
5,9,2,92.116456,92.116456,42.039847,1631.127124,40.387215
5,9,3,92.790571,92.790571,54.212384,1598.329535,39.979114
5,9,4,92.331858,92.790571,57.089607,1555.751015,39.44301
5,9,5,92.788559,92.790571,55.972187,1623.155536,40.288404
5,9,6,93.220945,93.220945,63.033013,1534.817545,39.176748
5,9,7,93.558736,93.558736,66.436969,1321.36098,36.350529
5,9,8,94.60625,94.60625,69.938655,1217.255108,34.889183
5,9,9,94.091732,94.60625,70.809862,1317.150524,36.292568
5,9,10,93.081683,94.60625,65.305837,1502.96359,38.768074
5,9,11,93.191096,94.60625,68.497025,1431.473022,37.834812
5,9,12,93.621683,94.60625,60.119771,1762.521451,41.982395
5,9,13,94.60625,94.60625,65.431538,1270.269512,35.640841
5,9,14,93.53424,94.60625,73.499097,1217.246222,34.889056
5,9,15,93.53424,94.60625,69.333874,1290.066783,35.9175
5,9,16,93.53424,94.60625,64.562077,1439.494421,37.94067
5,9,17,93.53424,94.60625,70.006756,1661.290259,40.758929
5,9,18,93.53424,94.60625,70.380925,1473.965479,38.392258
5,9,19,94.08323,94.60625,73.10562,1380.985576,37.161614
5,9,20,94.005741,94.60625,63.034991,1327.571305,36.435852
5,9,21,94.005741,94.60625,69.77361,1710.263115,41.355328
5,9,22,93.147962,94.60625,72.390436,1272.35265,35.670053
5,9,23,93.147962,94.60625,70.991409,1392.467067,37.315775
5,9,24,93.147962,94.60625,68.141762,1372.586109,37.048429
5,9,25,93.147962,94.60625,67.224782,1686.727664,41.06979
5,9,26,93.147962,94.60625,62.139074,1249.243275,35.344636
5,9,27,93.356207,94.60625,67.515036,1579.311192,39.740548
5,9,28,93.610386,94.60625,70.292463,1705.265667,41.294862
5,9,29,93.610386,94.60625,60.49584,1224.352585,34.99075
5,9,30,93.926788,94.60625,60.837567,1252.927988,35.396723
5,9,31,93.926788,94.60625,69.752591,1358.592931,36.859096
5,9,32,93.646855,94.60625,66.65138,1259.750313,35.492961
5,9,33,94.250928,94.60625,62.269279,1379.42209,37.140572
5,9,34,93.363879,94.60625,72.825532,1603.436317,40.042931
5,9,35,93.473002,94.60625,71.320918,1174.21879,34.266876
5,9,36,93.473002,94.60625,67.668962,1576.677242,39.707395
5,9,37,93.991001,94.60625,73.356084,1492.002306,38.626446
5,9,38,93.991001,94.60625,70.070467,1250.236697,35.358686
5,9,39,93.991001,94.60625,68.799162,1512.858076,38.895476
5,9,40,94.181033,94.60625,67.827986,1273.351149,35.684046
5,9,41,94.181033,94.60625,67.80621,1594.722332,39.933975
5,9,42,94.181033,94.60625,66.496032,1466.320381,38.292563
5,9,43,94.181033,94.60625,62.017422,1196.225224,34.586489
5,9,44,94.181033,94.60625,69.302788,1615.269434,40.190415
5,9,45,94.126262,94.60625,73.470497,1610.447008,40.130375
5,9,46,94.126262,94.60625,61.883447,1630.919348,40.384642
5,9,47,93.507573,94.60625,61.206188,1723.943797,41.520402
5,9,48,94.195162,94.60625,63.650385,1618.590221,40.231707
5,9,49,94.195162,94.60625,67.647951,1725.39829,41.537914
5,9,50,94.195162,94.60625,71.868934,1276.669506,35.730512
5,10,1,91.127911,91.127911,13.791255,845.372319,29.075287
5,10,2,91.547911,91.547911,27.976347,1494.754427,38.662054
5,10,3,92.899361,92.899361,52.429068,1560.687803,39.505541
5,10,4,92.899361,92.899361,56.134577,1614.894719,40.185753
5,10,5,94.012404,94.012404,67.294951,1271.837233,35.662827
5,10,6,94.211096,94.211096,64.502806,1501.55023,38.749842
5,10,7,94.012404,94.211096,65.159925,1545.912832,39.318098
5,10,8,94.389365,94.389365,75.688351,1080.171235,32.865959
5,10,9,93.886708,94.389365,62.402587,1525.161796,39.05332
5,10,10,93.622788,94.389365,61.268666,1559.666544,39.492614
5,10,11,94.054055,94.389365,67.577926,1402.783384,37.45375
5,10,12,93.930144,94.389365,64.046804,1490.33191,38.604817
5,10,13,94.389365,94.389365,62.671639,1570.177707,39.625468
5,10,14,94.389365,94.389365,69.993395,1676.311352,40.942781
5,10,15,94.389365,94.389365,60.034997,1558.491342,39.477732
5,10,16,93.75936,94.389365,68.006146,1321.329825,36.350101
5,10,17,93.75936,94.389365,66.219485,1382.062402,37.1761
5,10,18,93.75936,94.389365,59.748536,1255.688003,35.435688
5,10,19,93.75936,94.389365,69.286984,1425.711217,37.758591
5,10,20,93.75936,94.389365,71.749312,1386.949259,37.241768
5,10,21,93.798933,94.389365,69.216831,1389.097219,37.270595
5,10,22,94.15688,94.389365,69.662753,1400.511396,37.423407
5,10,23,94.15688,94.389365,65.510192,1359.910834,36.876969
5,10,24,93.648577,94.389365,67.127887,1160.715602,34.069277
5,10,25,93.648577,94.389365,61.318052,1140.102726,33.765407
5,10,26,93.648577,94.389365,61.930404,1693.694964,41.154525
5,10,27,93.648577,94.389365,66.160733,1458.290397,38.187569
5,10,28,93.683403,94.389365,72.512124,1138.653957,33.743947
5,10,29,93.818718,94.389365,69.995997,1429.921567,37.814304
5,10,30,93.818718,94.389365,72.593519,1556.328317,39.450327
5,10,31,93.695728,94.389365,70.785912,1161.0133,34.073645
5,10,32,93.695728,94.389365,70.657447,1386.272118,37.232675
5,10,33,93.695728,94.389365,64.076563,1230.264826,35.075131
5,10,34,93.695728,94.389365,61.8393,1396.599162,37.371101
5,10,35,93.695728,94.389365,60.750733,1252.428273,35.389663
5,10,36,93.695728,94.389365,72.211986,1518.479202,38.967669
5,10,37,94.235335,94.389365,63.258691,1603.4894,40.043594
5,10,38,93.659288,94.389365,67.323594,1553.520682,39.414727
5,10,39,94.12109,94.389365,60.812611,1264.133876,35.55466
5,10,40,94.12109,94.389365,71.52525,1195.526642,34.576389
5,10,41,94.12109,94.389365,71.648022,1484.589775,38.530375
5,10,42,94.12109,94.389365,60.400146,1188.07593,34.468477
5,10,43,94.12109,94.389365,70.314132,1319.383142,36.323314
5,10,44,94.12109,94.389365,68.737545,1505.430782,38.799881
5,10,45,94.12109,94.389365,63.678922,1469.241734,38.330689
5,10,46,93.812137,94.389365,60.910265,1505.224542,38.797223
5,10,47,93.675917,94.389365,66.125765,1656.328407,40.698015
5,10,48,94.013648,94.389365,68.32548,1425.220286,37.75209
5,10,49,94.260548,94.389365,64.130908,1445.790407,38.023551
5,10,50,94.260548,94.389365,67.645323,1544.659092,39.302151
